,id_str,screen_name,location
0,982792785106481152,Yoder_904,
1,28984533,Actuallyjeremy,Pennsylvania by way of Marion
2,993155620160311297,katelinpqljisaj,
3,993157892214837248,RohanTa34833861,
4,849659635036332032,BTS_YNWA_HB,Hope World
5,971222298622480384,AOriolt,
6,484067386,NiallHigham8,"North East, England"
7,985578882,jernathanjay,Canada
8,352716545,KingLouie55,"Chicago, IL "
9,217979109,RoadHS,Mexico
10,993158096141856768,Dark_angel0203,
11,993157979066241024,farnooshdadashi,
12,400160205,vkymyers,
13,2495417358,Sphynxyy,"Everywhere, all at once"
14,59027265,BoozePower,
15,993158032824655873,zeynabgolestane,
16,67958975,AlyceRocha_x,London
17,4886133424,Ban3y_,
18,2257081158,Armumi,
19,944587573053280256,LazarAndreiIon1,
20,962168017,ProTrader88,
21,993158713874833408,ronniobrien6,
22,993158746389049344,yasukofinch10,
23,555000981,SamanthaPaskett,
24,4122407853,TheAbomCow,
25,993158535524610048,ekb349,
26,4922591952,SaraLop26242675,"Lehi, UT"
27,786298493895741440,vicejunky,"Minneapolis, MN"
28,993157636412538881,shaelin89,
29,3737894773,Treythayer1,
30,4735873488,VaishS_,
31,420201552,rajagarwal9890,"pune,india"
32,47615379,rufsure,
33,56973870,malleolus1,London
34,993157484985626624,DwobengMark,
35,1895503176,estopfany,
36,993157253870964739,Mddeloe,
37,4439038276,PatrickBourke24,
38,22782986,1987mrtc,Birmingham
39,993158093511983104,Bach27400253,
40,813535957140074496,dumbtweetering,
41,748171602106318850,lezluhlee,"Los Angeles, CA"
42,993157057367953408,AinembabaziJo13,
43,2325675031,JoseGMartinez86,
44,993158476527529986,Marie198908,"Kol√≠n, ƒåesk√° republika"
45,993156599333117953,Mahendr47394966,
46,4571888253,haydenlovesGod,"Bolivar, MO"
47,2563717520,schwindy_13,
48,4899341277,Gegga_gaming,Sverige
49,320203341,waghrohit1612,
50,405901919,sfgiantsfan55,
51,993156910160531456,Couliba01558122,
52,4473796360,nikoszarv22,
53,123554295,besomflyer,"Kirkland, WA"
54,2464843795,xlrr344,
55,790080512047980544,ihyilyxo,
56,992036043087106048,daddyobunyun,"Joplin, MO"
57,993158248239849472,RafaLemusLIBERT,
58,158229252,nbvasudevan,INDIA
59,1592525142,alejhanhan,
60,924816601014325248,bwill766,
61,850397513098178560,dcldlvr,
62,2153102842,BryanKelel,"Milford, MI"
63,738901771528081408,pedroswordld,"Goshen, IN"
64,704413207,zachcarter10,elizabethton tennessee
65,2201867763,lobohman,
66,1547887964,imaasif28,"New Delhi, India"
67,830575702500065280,Ju_0393,United Kingdom
68,950650916,ASMower,"Lynnfield, Ma "
69,993158457510461441,Bvg4C7yhfs6a19s,
70,616529231,TrueRushed,"Hannover, Deutschland"
71,880870063,slayer9980,
72,29231256,htplbc,"Long Beach, CA"
73,14243251,ormeski,Guildford
74,37698597,schwarlo_Recht,Germany
75,993158261552672769,jackjia16193658,
76,993155856047919104,amritpu0,
77,993157763810414592,UzairMengal8,
78,2185361552,RAWcoca,
79,966138965987381249,isaac_tolliver,Universe
80,892179176484208641,javierbeckerpro,
81,483869954,zbyener,"Ankara, T√ºrkiye"
82,174063187,patmitchelljr,
83,852130723096145921,a_papageorge,"Naperville, IL"
84,993157588077465600,idol151526697,
85,897759514136641536,NovKnox,"Tennessee, USA"
86,98892686,agustinhubner,
87,836903708172644352,Deeyawn_B,Chiraq
88,993157996070014976,osamasa59490017,
89,993156545226604547,eArk804A67nKrXy,
90,865797936818429952,Deanthiruvikram,"Salem, India"
91,196266568,rnrob3,"Buffalo, NY"
92,369147936,imdwanaboat,"Norwell, MA"
93,7738822,flalanda,Madrid
94,2377187352,JoshMooreTweets,
95,4588812753,Hobra97,Hashemite Kingdom of Jordan
96,425434406,mannymajormusic,IG: mannymajormusic
97,2742790612,narissaaa_,
98,2246722228,arlensiusan,
99,993155996372619264,wharton2112,
100,993158010225774592,rasberr36940030,
101,993157658751524864,PemaRin123,
102,82157027,nataliafidel,"Buenos Aires, Argentina"
103,68139579,srivsirv,
104,959850598169391105,CrtsRene,
105,164845453,marshallclapp,"Houston, TX"
106,46130181,jkelsoe,San Diego
107,993157932308090882,wu_zhaoyi,
108,2658315301,IsaiRomero24,
109,1853135035,BigMikeWillis,
110,884885857416749056,Flo_Carreno,"Rognac, France"
111,866671972368793601,ssVOtwKrLr0VjKc,People's Republic of China
112,888450865907982336,BearCubTTV,
113,970100338790490112,BraydenCourvil3,"Groves, TX"
114,21430054,steveripley,"iPhone: 36.287319,-96.921783"
115,993157820332769280,Iluvworldmen6,
116,993156419162537984,xiqfryvb93c,
117,3385716831,rupert_strenz,
118,992815392102998018,Noah13147548,
119,993157658763902976,Ershalii,
120,2255147030,nicoledeere,
121,2193577744,jtjaro_10,
122,81706828,gbmota,Bras√≠lia
123,1029754910,Nick_Stahl3,
124,226566670,bells098,
125,975351311167352832,ScottNicol99,"Glasgow, Scotland"
126,604232209,ScottWh70449243,"Waukee, IA"
127,49085601,Pratikiwiki,maryland 
128,2768004386,EmmaGraffigna,Bs As Argentina
129,951216035222511616,zonnytuc,"Tucum√°n, Argentina"
130,987435170411114496,callmebogardin,
131,993157930810855424,k7JcFUQD88i4vBY,
132,926070661533102080,kola_marcin,
133,752063979741188096,ferjmacosta,
134,993158036901580801,Fabio_spranz,
135,739814588192067584,malsesto,
136,819415969756024832,surya_kothapall,
137,3018000412,Boot55050902,
138,993155933692932096,angela66294877,
139,3678057028,ethanzup,
140,993157000715321346,RdxOmeo,
141,879034188581576704,aiden_meredith,
142,989614306961625088,Stiles71587119,"Racine, WI"
143,993157237072912385,Jakes73340565,
144,176562564,jsstansel,"Conway, AR"
145,990435870967820289,FvceSoPretty,
146,993157399501529088,UKxYmj56CE16xlb,
147,2737272132,Gamerstar01,
148,2369459340,apschuetz,In my room .
149,242478476,KneeInsured,Leeds
150,4634640852,Jax_Arca,
151,3018551439,pokefighter55,big boy zone
152,597824204,kvann97,607
153,993157852117250049,evalyngreig10,
154,1312227702,PohaDjian,Batatoland
155,415571129,mtukut_,Nairobi
156,2878779255,jerseysaul,
157,993157416513490944,YBOzAYj8ozRBOzQ,
158,577335410,Chiluba_Zulu,"Copperbelt, Zambia"
159,2280236057,eliasmccloud15,
160,833568102650626050,future_scotus,
161,993157717140291585,AdibaNadaAsghar,Vietnam
162,2158423068,_JDollarSign,
163,2693078921,EthanDieck,tampa
164,993156784020967424,aouini_hamdi,
165,948511200475828224,JuleGe4,"Frankfurt am Main, Deutschland"
166,978285986424778754,naamashish,"Chicago, IL"
167,187150077,zeynpkardashian,Ankara
168,241048420,phantom_mhari,India 
169,824879795863379968,gupta10898tanvi,
170,853698259491201024,flaminsarah10,The Dunya
171,480972393,williamlaurie,"Jamestown, RI"
172,286403334,CullEnders2,Upstate NY
173,993156029457289216,pedretti788,
174,232425645,ariellejdsj,
175,993154253811339264,zhuoqixiang,
176,993156722956161024,Chitu24980570,
177,148243324,juanxz188,Venezuela
178,913412804350275584,MyMultiMiner,
179,2920518857,Macnoobi,
180,982522544107356161,EklavyaKujur,New Delhi
181,185878045,Mtessier42,
182,379254065,rajes02,India
183,993157293641416704,Errickmccall21,
184,993156647936765952,StasGorovenko95,
185,917881274756468736,chrisbarrera110,"Houston, TX"
186,3012457352,tweetglazion,
187,993157012530876422,Anburadha2,
188,2940108537,PhobosFerro,
189,992307836087484421,bodyembodiment,
190,370917254,AysuAcikgoz,Antalya
191,3271120939,RAJJLP14,
192,795806755053768704,azakhary18,
193,2325605378,marcomaya97,"Monclova, COAH"
194,993157484679450624,c1aqXE76MNOQkFS,
195,923682615315623939,unfazed_areaman,"Wroc≈Çaw, Polska"
196,838549868666724352,SlempTV,
197,993157367293411328,DouglassSteph,
198,888036229207425024,24_cemsahan,
199,1180108440,Hugo_Safadi,
200,993157591873343490,RN6uCa7ZiUtfr7w,
201,467558140,NiekcmrArntz,
202,4617380236,thalia_oriol,"Massachusetts, USA"
203,906601767378542592,CreativeMofoo,
204,993157480476704769,StrecciFidel,
205,993156802958315521,CrackersKevin,
206,990214305743159297,Trungvu91,"Ho Chi Minh, Vietnam"
207,2497819467,katakombz,"Antigonish, Nova Scotia"
208,1348808898,surajgodithi,"Folsom, CA"
209,993157490962522112,Dorayak43735912,
210,954409590329929729,wanhuxtabl3,
211,971206409378410496,chuduccong4,
212,450667711,LER66,
213,2314853623,krubindc,
214,993157235437133824,spyrou_marios,Cyprus
215,993156391127912448,Asia23224001,
216,993156824730914817,SaadAlfawareh,
217,950204592943521793,CryptoBlasted26,"Edmond, OK"
218,4291927756,wentz_roger,
219,993154988321931269,julian7tanzer,
220,993155190919397377,Abdo69036577,
221,769447924497612800,sinkingstory,Chile
222,375862275,ZachTynes,
223,3066715620,NammmOnza,
224,805505841076076544,Pibrocket,United States
225,770798481539760129,hlpuelle,"New York, NY"
226,934498520429662208,Rivers1423,
227,933538351638081537,KitchenOfSonny,"Chicago, IL"
228,993043642804789248,andry23878716,
229,759687732,daretofail1,
230,59041341,Gracechappyman,Los Angeles 
231,993155436390989825,alaminabco,
232,308202743,GuitaristFuck,"Long Beach, CA"
233,2234162324,Takcsa5000,
234,993157249911611392,Kalibar2,
235,895714855910424576,Rotom_64,"Orono, ME"
236,2575746222,Gobi2016,I am wherever I am
237,2594936154,algo_pequenito1,"–í–æ—Ä–æ–Ω–µ–∂, –í–æ—Ä–æ–Ω–µ–∂—Å–∫–∞—è –æ–±–ª–∞—Å—Ç—å"
238,697903106416340992,FaDi13187,
239,993153768190627841,kapam6a88,–£–∫—Ä–∞–∏–Ω–∞
240,969441831921508353,Ben42355806,
241,1035636176,Rozelleaboona1,
242,41451479,deathcabforgina,ud '18
243,1494049219,Gennaro_LS,South Africa
244,2939372904,aschingu,
245,4747698029,cctinsleystan,fear and misery
246,942960261601751040,Michelbkphuong,
247,443153600,EndaGormley15,
248,993156986043863040,leon_naser,
249,958743621234249728,jordan71902683,
250,4689527893,BlueCoder101,"London, England"
251,875695799367118848,Acro83046184,"Uttar Pradesh, India"
252,17391388,GKickHya,CA & Azeroth
253,993155725433102339,chad_rautraut,"Lucena City, Calabarzon"
254,322410308,k_AlHinti,Riyadh - Saudi Arabia 
255,854385665034690560,jenmanjenman,
256,993156727288741888,EltonAthena,
257,993157041316392961,Mwangim85729349,
258,993157159985729536,ElliotCook11,
259,3020261245,FlokiTanguay,"Bainbridge Island, WA"
260,993154981426597889,blandine_mwika,
261,203395550,alandesantis2,"Oxford, MS"
262,993157091010297856,Jcanhvu2,
263,2742704820,yungadolfo,
264,2207139849,kezzie_leok,africa
265,835362980682424320,SwagDog_,
266,2947695041,backseatbenji,30
267,913725042990530560,Iamtharageorge,
268,993157035637297154,DaBQRgjwlbZvteB,
269,599388390,JohnPaulSchreib,
270,993156889302085632,KjszSe,
271,466370018,chirrutimwe,"seattle, washington"
272,971530580230922241,nathan73695602,
273,9093702,AhmedMahdy,"Cairo, Egypt"
274,513467657,sara_lately,"Muskegon, Michigan"
275,1225992884,KJBoddison,
276,993156714538131456,EranciaEtienne,
277,87054982,jgibson_77,
278,993156841231314944,bzmfvZ7UjrieaEX,◊ô◊©◊®◊ê◊ú
279,352915892,AleksiAirinen,
280,993156045206970374,Saezcamila4,
281,737692702230335488,mutigers123,
282,993156315810881536,Adamosm93669605,
283,3128978184,HalbrookJosh,
284,2451447518,pejantansayang,
285,2714356656,Abhiprax,
286,993156683999346688,SMyandu,
287,148033332,e_ddddd,
288,2358034278,ErdghBotond,"Budapest, Magyarorsz√°g"
289,993154374837919744,krista311bc,
290,1903803414,YungZ99,"Texas, USA"
291,372517708,mimi_mbugua,
292,993156324115533826,hamay_bm,
293,2994799300,NonameedSC2,
294,26346154,srinivasvemu,"Naperville, IL"
295,3277957238,EliBeMyName,"Toronto, Ontario"
296,928983299178950657,6mTECRQhWMxxSNi,ÎåÄÌïúÎØºÍµ≠ ÎåÄÍµ¨
297,1033713703,ENZO_XCVI,Italia
298,993156467934089216,FabioObermoser,
299,984087765368401920,sten40327056,"Orsa, Sverige"
300,714937603003252736,Di3goGM,
301,937078944448335872,marnamonky23,
302,2398420614,david_sordia,
303,2856097537,TheLeviMathis,
304,3373143804,reneeechebbo,Lebanon 
305,993155387015680000,grand10mhds,
306,993156217647321088,MujeebAgham,"ŸÑÿß⁄ë⁄©ÿßŸÜ€Å, Ÿæÿß⁄©ÿ≥ÿ™ÿßŸÜ"
307,3326068587,toastiebees,
308,631654426,EvanBorzotra,
309,1953942066,anandsinghal07,pune 
310,2782539539,Benscholefield1,
311,2703653628,Gaby3344Gaby,
312,329914967,wambotl,"Villers-le-Bouillet, Belgique"
313,294697766,EdgarAlexTello,Morelia
314,856861395652149249,Minamechef,"Fucking, Austria"
315,993156227382247425,Abigail69600927,
316,538232945,rickpaivafoto,"Goi√¢nia, Brasil"
317,409738416,jfurness21,"Lancaster, OH"
318,306628106,anavrivasr,
319,841298868738301953,m_arevalo10,
320,1467850789,KaareEnevoldsen,K√∏benhavn
321,923121225861357568,Allow2_1,France
322,993155396964515840,kdwbht,
323,993156603430891521,AdrianCatigay,
324,993156317744332800,mgrondin97441,"Sainte-Suzanne, La R√©union"
325,773387759306375168,madhukar00001,Bangalore 
326,2252525410,_Raabe_MT,"Towson, MD"
327,935243051773120512,notwillum,oof
328,93704579,Tessmoss,Wales !!
329,4623638592,j_agi_,CA
330,923879455382159360,Tuongvinh4,"H·ªì Ch√≠ Minh, Vi·ªát Nam"
331,543805045,solution4_u,
332,777645262374305792,UrasGungorReal,
333,993156263331545088,Ahmunna50752655,
334,1896962040,KashifNoor15,
335,993155513973063681,SaiKris70673773,
336,2608955281,SophiaCath,
337,993156797979660288,dddd38544537,
338,4068210253,alcoholallstars,Malaysia
339,1193279557,wasimhannure,"Pune, India"
340,1635666998,burcuumasat,Samsun
341,789115455055228928,MatteusPlays,Estonia
342,993155898624413696,Papesy43597550,
343,759478267,MachiaveIIi,
344,4902962057,Cuttingedgey,
345,1380266994,lizzyawhiteside,Here and There
346,725864194759876609,Dead_End_Zombie,
347,372044128,willsaunderssss,
348,993156445553287168,FrsPhilippon1,
349,16691695,Depressionista,"Hamburg, NJ"
350,2965159744,Kalikami,"Sherbrooke, Qu√©bec"
351,301776025,BigHomieZach,"Houston, TX"
352,992854210638106624,MuziLi84753349,"Hamilton, Ontario"
353,136635077,802kate,
354,203493199,Asif_Dash,"Ooty, india"
355,903233551566561282,graciekswanson,"Kansas City, KS"
356,458886350,Patrick_WRiley,"La Grange, NC"
357,953972516782997504,Derek_Amoako,"London, England"
358,3069214101,urbanblankets,
359,715981448180801536,LilCryptonius,
360,3335492652,theAblaMard,"Bengaluru, Karnataka"
361,984305277452234753,Kaushik36307531,
362,538940804,georgeclair_,
363,1507747646,tori_whiting,Florida
364,743880001766862848,madisonnnkk,
365,232739724,harryoliver96,England/Faytown Ar
366,944500773068648448,Vici1986,Pozna≈Ñ
367,3188911319,Wiinqz,"Toronto, Ontario"
368,1915710576,JustArny,
369,228437635,dkollardc,
370,434359632,buyandsellwirel,
371,228073029,pbhageria,Mumbai
372,993153005565415424,gzunqacdrt1334,
373,3296878376,Epiithymia,
374,1171479608,AdiGio91,Chicago
375,3316295432,JDP1119,
376,993152737641615360,iwqnwbys150fif1,
377,974612734380683265,Coloursbystorm,
378,764099195938574337,Kirov04,
379,24300412,Ambi217m,"Miami, FL"
380,992232041226776577,KeshavJ61886446,"Kanpur, India"
381,2299117007,petterhelsen,
382,2434397317,Jian413,"Princeton, NJ"
383,53755215,JoJoDiff,
384,933488055754792961,Henry93323424,Etats-Unis
385,993156146109153280,jywfxp,
386,206237513,jmullica85,Denver
387,3077053770,Whillyum,University of Kansas
388,946524833474629632,SpecialtyShow,ü§°üåé
389,993155950394552320,cabacas_mark,
390,993156114651975681,CSny234,
391,954204151713550338,lasagna__Girl,
392,528773052,azizacisli,
393,36719651,brad_colbert,"Austin, TX"
394,251973522,_Mr_Kumar_,
395,2853761431,andysev12,
396,847400143,leonardobouzon,
397,2172668776,AMortezaei,
398,3158073060,swellestshark,
399,748082002746814464,D0loressK4ze,"Brooklyn, NY"
400,2523587256,NorskogJeff,
401,923953315444150272,Kidzbop_offical,"Michigan, USA"
402,2750972242,kikimihok,
403,2558651519,KeisuMarcus,
404,993155785147539461,Harissh98000368,Mansehra
405,993154565976535041,BroTokenge,
406,224694202,gauravkrajput,"Pittsburgh, PA"
407,986772971254681600,desanti_paul,"Muskegon, MI"
408,254183409,erok_the_red,
409,993155785998807041,Francis49788130,
410,944905231602724869,Hippopit1,
411,772157680177799168,Aldroucho,
412,292143213,LucasBarrere,"Marseille, France"
413,990912761029947393,cmackenzie0403,
414,853335730084605953,ColinC__,
415,880909452,hazel_benton,
416,1671440714,SaintNicolas80,"Aubenas, FR"
417,4095118153,KelloughsCereal,
418,702530584703320064,Dafydd_Jones_,North Korea
419,1534296894,joefish505,"Marion, IA"
420,2914063386,jake_rowe_,
421,241546248,AlpereeenT,
422,984418562335956992,china_b_trend,È¶ôÊ∏Ø
423,993155742625619968,httpsww49317893,
424,979465387195748352,Tom80207791,
425,2938546223,esdief,ƒ∞zmir
426,4907958935,bellafaith12,
427,993155248683474944,SercanBier6,
428,993155885680623616,G3G5JqJ5nxLlvWx,
429,3270564356,AroundKids,
430,829159736599728129,AndreaNuo5,
431,993155441671667713,Ahmedad06771532,
432,988818379715817472,ilknurnotfound,
433,376582852,anesnymous,bandung
434,890860387628961792,ElonHara,"Curitiba, Brasil"
435,993154079860903936,Chalpy3,
436,915089055171338240,SaswataHere,"Hyderabad, India"
437,291230762,paps3333,"Brent, London"
438,964729959313911813,Neelkanth_Coder,Punjab India
439,40766990,thegeminiguy,"Ontario, Canada"
440,992851562966941696,imogens10996522,United kingdom
441,813968222470840324,Riddlr121,USA
442,2922419400,xtmjustin,"San Antonio, TX"
443,980252563395104768,BellonAlfonso,
444,1702895588,ju47inmckinney,KCMO // Maryville
445,301840007,callahan_james,
446,432922750,JamesAlcock,"Stone, England"
447,365670296,TehKittehsMeow,
448,382926872,tkchapman,"Kinross, MI"
449,992816810486616064,spheh40173754,
450,981520145825828864,GcOniE61ZrE2Usu,
451,993155518813360129,JuanPedroAlarc7,
452,2477370176,PastorelliGia,2/14/05
453,993155618310672389,skayman9,
454,993155271789707265,Lin20724774,
455,993156124835627008,rio54121190,
456,923815151693959168,emmalovescoffee,
457,927148812,pratikkalwaghe,
458,993155675088998400,Giovann09641973,
459,206313199,semperdux,
460,206313199,semperdux,
461,298322561,sammianderson5,
462,3269594444,GauravS371,
463,2758390997,iamstarlord1,
464,993155730608939008,princetendai6,
465,975086415368409088,ZachCampbellO1,"Michigan, USA"
466,1427699610,BriscoeFletch18,Anywhere but here 
467,1294141,MZR,
468,51687050,Kyne21,
469,498748918,jessicaaliceox,
470,3294271274,oolices,
471,993155571552579585,danniblaa,
472,993154788450648064,real_Jenna_mao,beijing
473,993155707057917952,Mehmetmayuk7,
474,799794903677014016,maddieerceg,thottieville
475,2178393902,jamesrowan2000,
476,866914371938791424,LizanahWest,
477,3012761509,ZektekGaming_XD,Limbo
478,89216515,giannib1986,Arezzo
479,993154206575054849,HxO43mrhNrFq4iH,
480,40430886,Munlyfoo,
481,3927002900,Abecrusher,somewhere
482,969401906266288133,alina_ambroziak,"New York, NY"
483,798948666816004100,Tree_Man_Jack,"York, England"
484,828538503009095682,WishfulPuma,"–°–∞—Ä–∞—Ç–æ–≤, –†–æ—Å—Å–∏—è"
485,937950650314375173,banki_pati,"Vizianagaram, India"
486,897314338402426884,jocelyn_trinity,sleeping
487,1624773464,ohno_463,Mars
488,812831638333878272,MW21V1ONRUST,"Ohio, USA"
489,860898895660011521,AlexEvgrashin,
490,715997254901960707,CoralClouds16,my bed
491,4509158595,w1rhu,
492,451716160,MGonzalez069,
493,549538240,Adam_Ross13,518
494,993155289036869634,Bouanga41654544,Senegal
495,770037757192368128,RowthornFinn,"Fleet, England"
496,993154728895725568,lhamatashi,
497,872446711,_EmmyKitty_,Devant √† droite
498,3572086100,rizzagora,"Tacloban City, Eastern Visayas"
499,4865100969,HassanBaghdadi_,Egypt
500,2592429474,horriblyViolet,"Hawthorne, CA"
501,197780562,wizhalbalaji9,"Saibaba Colony, Coimbatore"
502,974408141642268673,HackerFox4,"Cape Breton, Nova Scotia"
503,993155360419733504,NikkySujath,Sri Lanka
504,860684007624888322,guyrolulet,"Winterthur, Switzerland"
505,980475889334063105,emilyvvilliams,
506,311669622,s_rtsch,Deutschland und die ganze Welt
507,993151653409894401,RightHumanoid,
508,993152309688487938,breish242,
509,433653930,CHurt34,
510,993154350213140480,CrispCiaran,"Lincoln, England"
511,788028768711499776,danheart84,
512,1611798396,bosnjakajdin,
513,1157479483,DaSushiAsian,"Wales, United Kingdom"
514,2214869192,M_S_Crypto,Tandil
515,993144708242305024,sadboi152,"Milan, Lombardy"
516,817152300250701824,GhostofBigSmoke,Hill Valley
517,1385129358,ttorwal,
518,1202111035,briana10101,Where you're not. 
519,399222476,brookestand,Cal Poly SLO alum
520,3729575657,ronaldmelaraf,
521,861641161873772545,_HammerFaust_,
522,1006873550,IsaGIsis,
523,261806793,avz79,
524,2751736619,WestloWolf,
525,855794157880619009,OscarBrine,
526,2191652575,exclamatory117,"California, USA"
527,993154051163459587,William10444644,
528,993154478600749059,Gabriel87072960,ƒåesk√° republika
529,993154085816881152,Mugishayannick6,
530,2448639789,travis_crane9,
531,56227022,JessieJDG,"Orlando, Florida"
532,988251220786778112,AJRiley20,"Alabama, USA"
533,931649207081062400,Douglasvargasg,"Industrial, Contagem"
534,3228888869,magikmike_29,"Proctor, MN"
535,824977916320677888,max_sanderlin,"Frisco, TX"
536,897292762961268740,Nidiak77,
537,986634958189056002,kamran_danial,
538,2405662613,fawzisf,Lebanon
539,3108691143,ErrorZer0,
540,243480872,nickrandall5,Gotham city
541,725869654367997952,ScruffyRonin, 
542,993151522862260225,skigen804,
543,817184925849964545,oHades_,"Bolorado, USA"
544,990484863567482880,mamadou76856540,C√¥te d'Ivoire
545,2588617344,AliBruin,"Los Angeles, CA"
546,991801927619960832,djdead4u,ANAHEIM - Los Angeles
547,130828276,shankspi,"Hyderabad, India"
548,432403183,LordScott_II,Harare
549,993154691662934024,NichoGabriel1,
550,993152668884488193,zdnqgmgsv1652,
551,137484666,avcihunter,
552,993155007238361088,3RaPkGXvrjQLkOb,
553,14681948,npatta01,"New York, NY"
554,287198719,DougSmall1,"Columbus, Ohio"
555,754667553578967040,Jahannamu,¬Ø\_(„ÉÑ)_/¬Ø 
556,993154099666391040,StabilityTeboho,"Harrismith, South Africa"
557,300804380,1WhiteDolemite,
558,993154706888421376,sonicfanolekzgl,
559,1708535215,zubtaology,trapistan
560,83609440,Knowvaa,"South Africa, Bloemfontein"
561,18551499,RichardBagshaw,Nottingham - London
562,842874547091247105,George17939398,
563,993154560108695552,mohamadou_konta,
564,1263340327,mtoll_,"Omaha, NE"
565,966577211535970306,jessanblackie,
566,993154955220606976,KeslosG,
567,992288223039668226,King_MBZ,"Anaheim, CA"
568,2264466078,thiawa27,
569,767270526947500032,hannahjiverson,
570,937802158082265088,ElJankovska,"Prague, Czech Republic"
571,993153892337598464,Trnvnlim8,
572,993154839583576064,Lauty38992128,
573,950383071232176128,MesojedecMatej,
574,921231531019870209,Rahman16043332,
575,993153203423166465,Venusg24507691,
576,987175507551633408,1975janiie,"California, USA"
577,993151748733915136,Brandon58481121,
578,760006268723552256,Antonio76781058,"Loir-et-Cher, Centre"
579,971975060834537472,johannes_dt,
580,389806003,CopyrightRoven,
581,845409121339936768,S_A_C_V,Not USA
582,993152697154011136,HayalveG,T√ºrkiye
583,719553468,Nick_Blennert,
584,965913911529824256,kellysky__,
585,740618189336367104,kelly_emc,"Chicago, IL"
586,702621276850905088,tafnelopez,
587,993016983598895104,jackbry27638437,"Islip, NY"
588,148871975,jlcaceresp,Madrid
589,2749378849,usagold009,northnrook illinios
590,746808788724899840,LurkeyLurks,"Venlo, Nederland"
591,952954290875740160,CouncilElders,
592,2761153646,mkearn6,
593,975056676628787200,bitchlasagna24,"Hawaii, USA"
594,2282351520,KOYUKICA,
595,1306044042,NoobAlexO_O,Portugal
596,993154387697717248,PapiMadieyna,
597,2345749985,UsLonDonGh,"Accra, Ghana"
598,946542058839465990,cronenberg16,
599,873563479009046529,amytuckerhayden,"Victoria, TX"
600,606604569,AlexandraMeade,Washington DC
601,620954148,TheEdwardSy,Philippines
602,243994218,DespoTwit,
603,2883269499,whutsiderx,
604,2749853878,IkeGRk,Urf.
605,874008200122597377,emily_huegler,
606,2308107085,Reptiiliharry,
607,845678594252771332,TonyandRosie13,"London, England"
608,990543470883303424,PdKendar,
609,781215806646579200,Alex_ZeroX666,
610,61362885,tonymaddin,"Dayton, Ohio"
611,961030411571867648,KathrynNorthorp,
612,142510388,monah03,
613,993153788864167945,AishAisaKhan,
614,363311033,alex_gentle,
615,774009839152406532,EyzeeJ,Canada Eh!
616,907234266,Nasmarr,United States
617,178946287,Yukatek01,M√©rida Yucat√°n
618,302530864,fermigomez13,Barcelona
619,993148227263303682,gabo_ele,Georgia
620,993154461517443073,NatachaLeBrun2,
621,993154593105235969,linh_tf,Vi·ªát Nam
622,993153354967670788,Dave71929455,"Davao City, Davao Region"
623,985870426592169984,melaniepeters66,
624,893607135518609408,tontonbiskott,
625,366767258,TheRustedEarth,
626,993152308497154048,digna115pettyc1,
627,1591011200,Alpaco99,Hampshire UK
628,14715501,threeboy,Canada
629,883516990404603908,MaddRogg_,"Indianapolis, IN"
630,60769365,Neon_RyCon,"Maumee, OH"
631,514563494,CanTheHandyMan,"Uckfield, England"
632,3190140433,maddskeo,outer space
633,951541807,IrnoKola,
634,993154592635473920,JavierGlez014,
635,430141735,AlexxGay,"Dothan, AL"
636,754316787072831488,Khalid44933883,Qatar
637,4844050066,guerinfavreau,
638,982411943213457408,LibbySportsBOS,"Boston, MA"
639,993154156490768384,qWsDyCmfVzav0ak,"‡∏ö‡∏≤‡∏á‡∏Å‡∏∞‡∏õ‡∏¥, ‡∏õ‡∏£‡∏∞‡πÄ‡∏ó‡∏®‡πÑ‡∏ó‡∏¢"
640,860035404854054912,dkeai1234,
641,746181389595312129,meltingflower,
642,365642019,HarryBo040,Hamburg
643,757426254232576000,AYKUTTURKMEN05,T√ºrkiye
644,53994744,hynamka,
645,987691675735781376,m_tikhanovskaya,
646,17584454,br4tty,Canada
647,3810803895,mason_0298,Hell
648,977560756454547457,Gautham38628921,Kolathur
649,955145956474814464,somefilthyweebs,
650,614480211,zehramelin,Cyprus
651,993134521787801600,WaltherHerrer10,Quito Pichincha
652,28646789,jelinske,NBO JHB CHI NYC
653,620234054,ahmed_benjemaa,
654,942788774110511104,J0nnyTst,
655,422816028,dannydickson34,
656,1474853108,dickinson_marc,
657,2357999330,LennartPiepers,
658,822035870,paryorker85,"Montpellier, France"
659,111700817,Anthony_AMK,
660,283170328,bridgit333,"California, USA"
661,752295960374542338,NWebber99,
662,993153761026756608,EduBrPa,
663,388303870,gilanestan,Middle-earth
664,993154110252896257,Humbert83355834,
665,993153207437283328,marco_t3,
666,993017514828468224,EnzoRybn,
667,597462458,TravisJackowski,"New York, NY"
668,67257319,evelinelemke,Sinzig (Rheinland-Pfalz)
669,2766493443,KatyTXcougar,
670,992205082753142785,mediawatcher13,
671,935367307991195649,_manjuv_,"Kerala, India"
672,612134587,Carlos_drummer1,
673,957683808282857472,Mouhmed34853202,
674,251532360,anas_alsadaka,syria
675,2840043605,LarssonVilliam,
676,993153955285872645,MacTepJP,
677,1335094298,jcrozuoff,Mi casa
678,993153700377001984,Anton04moha,
679,987126512531968001,TurkizKardas,"Istanbul, Turkey"
680,238392129,MegATC09,
681,56070476,Dziubdzius,United Kingdom
682,76744116,lizzard_anne,dying in my bed
683,993153446541971457,dymaikel,
684,446540358,DDaleyLFC,Liverpool
685,3315746214,unfuccwiittable,Up There
686,389939446,MasonFurlong,"Portland, Oregon"
687,391710670,Bamidali,
688,993154170755670018,TianaFogle,
689,938368246016823297,misuracaf10,United States
690,993151030161498112,pqdauauvlyhjrw1,
691,812674666561228800,FlipsideSouth,
692,351508774,anudeepreddy160,"Texas, USA"
693,993153040613040128,Slimane72617148,
694,949248487186612225,dinopoppe,
695,2496011710,chaley_1979,"Pennsylvania, USA"
696,337788847,zofte,üçíüçí
697,952495738252091393,Kryptoplus_DE,Deutschland
698,993154166913564673,MasonSwift4,
699,4801595066,Irviiiiiiiin,upside down 
700,993131779606417408,canerarik3,
701,391533332,SerStav,Top of the world
702,3405161714,leshaprasad,"Mumbai, India"
703,778246145260814336,bletbletbl,"–ì–æ—Ä–Ω—ã–π —É–ª—É—Å, –†–æ—Å—Å–∏—è"
704,993154169677561857,SabMalikShammas,"Hanoi, Vietnam"
705,3211046668,DPGenis,
706,830192217683804160,bensmith0616,
707,993153856044437504,jack26317664,
708,993153717758132224,Luciedov3,
709,993152061167435777,congtuantr,
710,747548727783546886,_emmanueleon,
711,826238750808223746,nolan_underwood,
712,942343471146328064,tjdgks2142,ÎåÄÌïúÎØºÍµ≠ ÎåÄÍµ¨
713,934189344629370882,daviasellie,NY
714,2743929748,jacobrrees,My Bed
715,993154033375432705,21Anarchy,
716,457988947,BussyMagnet,
717,993153854974889985,honeyhughes20,
718,993154181920972800,streamercannie,Slovenija
719,825020493556228096,BluePikachuGirl,United States
720,993153865288749056,Turgaydemiray3,
721,105058252,GARMACAMPOS,
722,993153878819389441,BenettaYogendr1,"Toronto, Ontario"
723,993146189963919362,ayushsuryawans9,
724,2899806272,Seann_yyy,Basura
725,754810918605824000,tsundu_lover,"Scotland, United Kingdom"
726,993133952394235904,rickycaiiro,
727,784581772663255040,VelvetianSky,LA
728,1164931880,alliejordan42,
729,286156827,smallsmithy,leighton buzzard 
730,993153826130558978,wPROMooVSmYYsOf,
731,585895445,BrentLockwood,
732,41360426,elsabe25,
733,931354632,every123where,
734,1107907196,Ethanlivesayy,"Omaha, NE"
735,337483799,AlphaMaleProd_,
736,944868376987435008,Nathans3rvis1,"Kampala, Uganda"
737,993152742020517889,OKLART99,
738,949059343890239488,NovakMartinMe,"V√°c, Magyarorsz√°g"
739,724595910303461376,Teh_Krogans,
740,3587689458,jiao_judy,
741,2748319167,Sniper141000,
742,2296848298,jbee69,
743,4715490976,PaolaAn37359082,
744,960426026961584129,Mike00822787,
745,3941921832,TSB_Caboose_V2,"Illinois, USA"
746,827511539829710852,The_Unknown66,
747,222927055,jorgemva,
748,973379354179899393,lm08550,"North Carolina, USA"
749,993152156462206977,Vmach13,
750,796197975416389633,sambonecoolguy,
751,976133118972239872,pdeepakable,
752,4542288466,emmyblue_3669,"Pennsylvania, USA"
753,722035704197304320,vader_darth1,
754,2653339948,jackendrud,
755,950403503205183488,TessBentley4,
756,883636648164163584,ZarfCS,Building My Dream Inventory üî•
757,993153378900262912,GarciaDaps,
758,13551562,eastMe,
759,215368581,sidrios,Ciudad de M√©xico
760,87415151,rickyd9,Gold Coast
761,46026441,PaulJHerrmann5,"Canonsburg, PA"
762,993153766059687936,wenzi190407,
763,993153522269962240,leslie33371582,
764,318570865,Chancesix,The wilderness.
765,81864489,rhennax,
766,873003426614870016,Ynglish1,
767,783368258267205633,JustGrayson_,
768,989927896495013888,akhilesh_maind,"Nagpur, India"
769,1426971618,GarrettTaylorrr,
770,884550420,Rajnees27106262,Sasaram 
771,2781421496,Decsze,
772,993146437876699136,emz_pham,
773,897603562758430721,yamlmp,"Dallas, TX"
774,259905104,TomasPortella_,Recorriendo el üåç con la Chili
775,2928345127,JosephOjas,"New Delhi, Delhi"
776,993149156410773505,AlexMutch2000,"Porth, Wales"
777,157741186,PaulitaIbara,Mendoza
778,301303110,JamesJ85,"mission, tx"
779,89146121,Exia44_,
780,900486688581046273,C00ki3D03,asleep in bed
781,602900609,RedfooSkyler,
782,2177609974,olivercwinch,
783,1339665986,_john_francis_,Dumaguete
784,629196950,claramayot97400,"Saint-Denis, La R√©union"
785,861559914,AjaniTPV,South GA
786,993153368678809600,luckluc27720083,
787,257712659,jessicawkward,"Knoxville, TN"
788,993153519669702658,TomasSeverinas,
789,2286464442,Mudroux,
790,820542373,julesvernebabi,"Madrid, Spain"
791,993153380347449345,epherata_bedada,
792,3071520249,kaleblhall,"Idaho, USA"
793,1644777720,_feroi,
794,993152996245618689,asad28398720,
795,4795530846,Picklec_chips,"Henderson, NV"
796,993152124262404096,zrqhsujacwaazv1,
797,2779910618,ThoricMeerkat,
798,558525194,sehlikoglunur,
799,751469014870786048,oToktorth,
800,3130441571,2ryanrobinson2,
801,993153519808077829,toosweyna,Somalia
802,826386851527286784,chefboyardaddy,"Portage, MI"
803,756590359,Haagenyas,"California, USA"
804,939976280384122880,Norik66522466,
805,430531689,Ssuni4,
806,2609394527,Patrick__Gordon,
807,835288141024149505,allisonsuzanne5,"South Carolina, USA"
808,258423488,garciasilvac,
809,979172009962717184,lobohaze,"Nevada, USA"
810,917618444698300417,EdwardSuxiaowei,
811,993152884345917440,Luyiming1112,
812,3594363803,tictacticaljojo,
813,777953481906909184,Carmine84392222,
814,113426112,shadowkitty_84,uk
815,3024544790,HaydenNolte,
816,993152786605920256,Prakash59804951,"‡§¨‡•à‡§Ç‡§ó‡§≤‡•Å‡§∞‡•Å, ‡§≠‡§æ‡§∞‡§§"
817,993153459351359488,RayBarn22637463,
818,938634614112948225,5280E2E,"Denver, CO"
819,2509256413,RAIDER_RAYRAY,"California, USA"
820,1496619668,JaguarzXv,W
821,1875065324,Nass_Maya,
822,993150536936550401,twister412,
823,717445744203067392,freyfreyf,London
824,3709240513,UNSTOPABLEONE14,
825,414031020,j_train2118,
826,1391918707,cole_kleiner,
827,993151909396697088,Naomiquionez3,
828,96569421,scromah,
829,887342077608153088,GypsySoulSeed,The Stars
830,2408442273,aidan_sturgeon,"Indiana, USA"
831,993153476057227265,Santosh33337529,Nepal
832,993153055527878657,HasanHasanMehe1,
833,993152637729042434,JuanGon48844072,
834,993152201861120000,kris_candelaria,
835,2916839833,iamadrianMT,
836,993148483971436544,hnt802,"H·ªì Ch√≠ Minh, Vi·ªát Nam"
837,401550125,favoturk,Apeldoorn/Amstelveen
838,2660571685,loquaciousalex,Im a MAN fuck OFF
839,990309751379628032,pee_resident,
840,993153281143779335,LOUMOUjokin,
841,2270064514,camholliday5,
842,1564447014,Defined_extra,
843,2646132266,thabodngwenya,
844,2882794335,jakub_pruher,
845,923529446979760128,OnChezNous,Your Dreams
846,1237106250,chrisuhlenkamp,
847,2512000812,AncientSerum,"Devon, England"
848,164224118,bitaruka,–°–∞–Ω–∫—Ç-–ü–µ—Ç–µ—Ä–±—É—Ä–≥
849,102551955,Zalderath,
850,1856118440,Inpugwetrust,"Rh√¥ne, Rh√¥ne-Alpes"
851,75098980,StJacquesMktg,The greater NYC area
852,961430429873123333,anna_palatini,
853,3669411856,DaZe_Shot,
854,2800174502,TaMacro,
855,992693371067125760,AfPaul,
856,3351230068,savvastzaneths,Greece
857,993152985764192256,TheMarlin97,
858,2497082422,ELMoutchatch0,
859,376523266,khills13,
860,785620491998466048,NoneOfTheAboveh,Antarctica
861,24881737,afazchas,"New York, NY, US"
862,993151071416709120,GTMDLF1c4fY7AZE,
863,300856377,geoadm,
864,2439122086,manneqweeen,ireland
865,403492431,mixed_jelly,
866,490783222,arnonhecht,
867,1924856798,jillionairex,üá®üá¶
868,824255185048440834,DanLindenCH,Switzerland
869,291548072,RobGarrod,
870,2949316860,JessDOit_18,
871,477818997,Cmorgan_007,south africa_johannesbug
872,1449081698,Frustrated_Nerd,"Islamabad,Pakistan"
873,240084753,sofiafromkorea,
874,993153106560081920,Paula54755374,
875,986766782353440774,KentStebbings,
876,992024185974161409,IsmaelSankara1,
877,433558140,margeaux_irena,"Bay View, Wisconsin"
878,3309751734,hamanhtran93,
879,2556245796,PillowMerchant,
880,2207280607,Alguizani_g,
881,993135185083420676,aytekerdo,"Ankara, Turkey"
882,912602030,daisyrdlay,she/her
883,814422051091906560,NickBaiz,"Rancho Cucamonga, CA"
884,993152430345928704,Robertw0903,
885,799960738869743617,DanielB_0,"Bogot√°, D.C., Colombia"
886,922862480388435969,alizarina979,spagna
887,744589713810526212,T7Gkek,in a society
888,3009617990,LioraJadechic,Trinidad and Tobago
889,993153186293665793,Jess30248718,
890,993152396267270144,BCaryyarow,
891,819012497374085120,bfeeney514,
892,539717659,sighjessalyn,rest in paradise sergey
893,950715162,ari_mendo,
894,118565475,seppoo1,"Halifax, Nova Scotia, Canada"
895,2635973995,GokulNite,
896,1719703614,lee_tischler,amerikaas
897,803227348325859328,Hohappy_cool,
898,2887019194,LordDobby46,East hartford 
899,991301300741726208,tradingorhun,
900,930315970140352512,SfundoNtshaba,South Africa
901,78719026,cancelikay,
902,285575864,Vipinrajk1405,"Kozhikode, India"
903,993151970537037825,FlfHairani,
904,1126552633,JDHilberg,‚Ç¨A≈ÅI. Kekastan
905,134202862,_Bearded_Beauty,"Winterville, NC"
906,829364008415289344,Helkyo1,
907,993111340595150853,GonanMurat,"ƒ∞stanbul, T√ºrkiye"
908,993152753126981633,Aljonsolmiano5,"Kyoto-fu, Japan"
909,993151815138054145,Zain69210038,
910,34999419,julie_ciminillo,"Greenfield,In"
911,950736779644194817,LucaSavio6,
912,843075669676371968,caezardava,ph
913,993152915236970498,adamrim_,"England, United Kingdom"
914,45262617,kathrynshares,
915,2613063110,juliasklarin,New York
916,868957466133921792,liammeyers_15,
917,973047438670946304,chillaxlululu,
918,967808706409885696,rocnotrock,"Mississippi, USA"
919,2476328734,Jannofski,"England, United Kingdom"
920,591980131,joge_lst,
921,2620222628,sabicfaruk,"stl, misery"
922,902493035212283904,dianaaa2102,"West View, PA"
923,722730194,ChristianHipshe,
924,242584883,Bronze_Nipples,"Maryland, USA"
925,291654394,Duyguerhn,
926,2964664061,DonHensarling,"Tampa, FL"
927,842063047770439680,real_MC_Patch,
928,993152855400906762,Farbelife2,
929,1097171887,SophieTekeste,
930,975239619108225024,Thao50531454,
931,951323668658864128,5280ETOE,"Denver, CO"
932,26695694,abyasasvi,Hyderabad
933,993151423717179396,PeteZhou972,"Zhejiang, People's Republic of China"
934,160775865,Ppetty856,
935,2805430441,furqan6719,"Seattle, WA"
936,993152468228943872,lgx200a,
937,993150508775993346,ISRAEL22796677,ZAMBIA
938,713032926,JStackss9,"Austin, TX"
939,1083222433,wjyeoh,
940,821794032955379713,sophieryal,"Edinburgh, Scotland"
941,3445735934,jasonbcox0,
942,947223744107466756,arghanooonn,
943,252903440,txysia,Minding my business
944,993152749058625536,jmprosolutions,
945,971857816335077376,AngieMishel28,
946,990878862165897216,onga_ko,
947,103206454,cesarcdt,
948,993152376252100609,Fuatsert10,
949,756358132314599424,NarlyNathanYT,Argartha
950,1020211500,Andrew_deLeon_,
951,3456941412,mxriamg,uaeu
952,385523846,__vikasverma__,"Toronto, Canada"
953,3250778467,Apalmisano12,üëå
954,993151535134658562,Armando20391486,
955,1264481930,albertwinawan,Makassar
956,411165853,MDeaver54,
957,58265404,LakhanYadav,"Faridabad, India "
958,3256652869,tozieroll,MARVELINOS‚Ñ¢ & wanda cult‚Ñ¢
959,2319432410,CaptainAvon,
960,2857643355,_sir_iron,Nevada
961,2955673028,gagegramlick,
962,533553834,PaalBommen,T√∏nsberg
963,823265098168987650,miyavto,
964,354691037,KLo_usa,"in da Bay Area, CA"
965,125723316,jenniferewren,Great Lone Star State
966,53604661,rvnsncktty,Philippines
967,993151919236366336,VOY05mrY77W6Rma,
968,105936148,alexberry21,"Sweet Home, AL"
969,593892391,jameswitvliet,Hull
970,296985972,trinbagoryan,Trinidad & Tobago
971,993148033570295809,EduardoArgueda5,
972,52755537,YourguyJohn,"Houston, TX"
973,221442704,kingkerm,Sweden
974,900364982570844160,JMctalk,"Houston, TX"
975,725311297,kathleenemcc,
976,2172739325,plugginsince98,"Oshawa, Ontario"
977,993151185757536257,Israrhu66061847,
978,122231793,rafaelgiordani,Brasil
979,964691251260899330,PinuelasRicard,
980,364787412,Bames_207,"Lewiston, Me"
981,34400416,lorenarenae,"Fair Oaks, CA"
982,875785563705679873,EmberVersailles,"Maryland, USA"
983,137595598,kunalkggupta8,
984,993152078653673472,MUSTAFABARANKE1,
985,704011131803799552,Luisma_rl,
986,2955474688,yoozmen,"Durham, England"
987,962089929848352769,Joel02802222,
988,4152319055,MysticalSomeGuy,
989,992257891527622657,Elias34124240,
990,993152168713707520,PrinceA99275628,"ŸæŸÜÿ¨ÿßÿ®, Ÿæÿß⁄©ÿ≥ÿ™ÿßŸÜ"
991,977046906407915522,capt_gogo,"Cairo, Egypt"
992,631273690,leannasalsa,"Imperial Beach, CA"
993,848587387668111360,serynaaaa,
994,806431509079064576,infozaiz,Burkina Faso
995,830875106666754050,JuanTor90748724,"Dallas, TX"
996,2738874349,bribrans,‚ó°Ãà
997,410268511,trentmcmahan18,
998,762954253895766016,UnhingedRegret,
999,1006395805,NadirBouchama,B√©ja√Øa & Algiers
1000,819977981191823362,OlDirtyDawson,
1001,2813371724,24_savagee,"Los Angeles, CA, USA"
1002,922590300622786560,1muhendis___,"ƒ∞stanbul, T√ºrkiye"
1003,391426596,leonh4rtx,
1004,3236203340,dulaaah,
1005,993151765792153601,Kathlee12143282,
1006,168759773,javier10t,
1007,3282567115,Anil_paturu,
1008,746742886083919872,nayu00monst,
1009,797753280122208257,JoshtThompsonnn,United Kingdom
1010,2506201751,evan_sante,
1011,38936305,LesiaBu,Depende
1012,739603711,GeoGEoGEOo,KLAL
1013,479007319,Krystaljohnnson,"Edmond, OK"
1014,983414272473657344,ShivaakSingh,
1015,725227970307063809,YChejarla,"Bengaluru, India"
1016,993151692823810049,Cool44869879,
1017,993151958428110848,Kindess_rocks1,Maryland.USA
1018,261040719,brettzky88,
1019,942326022158061568,Jessestonn,"Kampala, Uganda"
1020,328569784,KisingaLucas,"Dodoma, Tanzania"
1021,53133824,rajesh_praharaj,"‡§¨‡•à‡§Ç‡§ó‡§≤‡•Å‡§∞‡•Å, ‡§≠‡§æ‡§∞‡§§"
1022,394086139,tommycottle,MA / CT 
1023,3630671413,auto_didact_,
1024,786639486360969221,catieehanna,
1025,988740984971415552,BenjaminZeiger,"Raleigh, NC"
1026,154387121,MobTownTree,"Mobile, United States"
1027,368736074,urwaifu," Manhattan, NY"
1028,296284808,Wouter_deKoning,
1029,993151250433638401,dv_time,
1030,993151627744989184,Abdulqadirsale2,
1031,2491290932,MattPark111118,somewhere
1032,4092837316,ewolos1,https://www.twitch.tv/ewolos
1033,993151039980343297,selcukalpe21,
1034,993150743447142401,ughmayli,
1035,993151601736024066,melik_turunen,
1036,865203945370775553,YunusEmrTrkylmz,
1037,993148828390899717,rob_abyane,
1038,991878870470144000,Nagarju86900061,
1039,993151824692744192,bodystone2,
1040,750885911886491648,juliagrivera,"Florida, USA"
1041,991822533602304017,Ray52259509,
1042,1463268390,tah44sif,"Allen, TX"
1043,563035695,bettinevv,Johannesburg
1044,456180115,exilein0blivi0n,"PK, New York"
1045,397550259,stipt0n,mpls
1046,919355083363684352,AshenTV,United States
1047,993149760356995072,AhmadJo15132236,ŸÑÿ®ŸÜÿßŸÜ
1048,96180566,M_TPAY,
1049,3056062394,ghibIy,just a banana
1050,993151844670164998,Wagidkhan1,Pakistan
1051,492691508,SimonaZucchetto,
1052,993150567529811968,PapeSar6,
1053,811238916976234496,Tushar2531,"Bengaluru, India"
1054,88653163,Taff91,Midgard
1055,716860032760094721,HammerstromGabe,
1056,963628359594008578,younglilclout,
1057,993151847903920136,Emrezeynepb,
1058,878542407507341312,themouseboi,The Seventh Realm of Torture
1059,114722271,ildonatello96,"Huntington, NY"
1060,2356847562,Somethangg,USA
1061,299411403,aax21,M√©xico
1062,847731740,gracekendall99,Slytherin common room
1063,993151002395250688,AbdoRostou,
1064,859921780777070594,PreferredLeaf,"Atlanta, GA"
1065,255502296,zhou2772,‰∏≠Âçé‰∫∫Ê∞ëÂÖ±ÂíåÂõΩ
1066,69023214,julezrod,"Houston, Tx"
1067,993151508890963968,Nonjabulo1998,
1068,992200220942438401,LoganCa05717634,
1069,973212597968343045,Vasudev44728705,
1070,2940331490,sahithi_aekka,"Hyderabad, India"
1071,961618736867311617,kraziekrypto,"Toronto, Ontario"
1072,993150356023476225,LepeBrambila135,
1073,128723676,mhwang23,Taiwan
1074,366397353,MerrickAlex,"Sammamish, wa"
1075,836664493,reillydattilo,
1076,451636001,ImmaMugambi,"Nairobi,Kenya"
1077,609391784,KandineTidjani,
1078,557742603,Z_3vaD,
1079,3091978577,Sarah8Salah,
1080,3305232666,NimraMir,"Karachi, Pakistan"
1081,939480690923593728,maheeen_qureshi,
1082,525421440,olynch1,La Mirada
1083,2612782262,SayNoToCountry,"Buckeye, AZ"
1084,993150703932723202,Jonatha74920292,
1085,138247745,aonairamm,
1086,993150074388656129,YajairaMaribel7,
1087,993151807860883459,Jjn46060691,
1088,4828881502,LeeshaLois,
1089,915211636570562560,Tafa_zimunya,"Harare, Zimbabwe"
1090,993148186918187008,cy8778,
1091,3301079173,apple_rpg,
1092,993150587465224198,billie_kendra,
1093,893864245,rslike4,"Cincinnati, OH "
1094,705901517690146816,8r1an_tru,"San Diego, CA"
1095,945641132406575104,AdrienH20,
1096,993111931241320449,SunterYusuf,"√áorlu, T√ºrkiye"
1097,979364008695230469,AjayMan12014160,"Pune, India"
1098,108224783,rebisthebest1,Ft. Lauderdale
1099,808246820543438848,ThanhPhamous,"San Diego, CA"
1100,1190948352,sherigolightly,
1101,28995117,MartinJNickname,"Ventura, CA"
1102,3718716977,TheBestBadName,
1103,4589157857,poop_tally,
1104,846228956,francescoebreo_,
1105,4869940102,Rehaansoldiers,Sadally Rd Vacoas-Phoenix
1106,993147658192683015,NRmXTA6dtuAb0O2,
1107,736277957002428417,JebusCrust2,
1108,1511299812,Addit_08,"Lagos, Nigeria"
1109,1560882588,domcisneros,South Florida
1110,2464930201,DanTwin77,Australia
1111,842392012569624576,kaniryira,void
1112,2450563344,rizojossue,"Jinotega/Leon, Nicaragua "
1113,993151466314514432,AltafDagher,Vietnam
1114,3561621079,Necoke_Lane,On Melancholy Hill ‚Ä¢ HTX ‚Ä¢ ATX
1115,924574272923865089,vinniepalmer115,"South East, England"
1116,723344767409516544,SpooksPlayhouse,
1117,993151319371284481,yevetteakimot12,
1118,3645578054,dylcam45,
1119,2654181399,lanavandh,Belgium
1120,993150406539857924,bludcwgmlbaggt1,
1121,842913255274164224,ivan_collects,
1122,917371229249687552,xxxswagatronxxx,
1123,1976073452,luc_2a,"Corse, France"
1124,993150988193337344,vaetus_robert,
1125,993134202630688769,wanders_jay,U.S.A.
1126,277818413,lucasfacultad,Lomas
1127,993151282365059074,Gechman63412828,
1128,726123348003045378,ESPRlTS,
1129,981225617545981953,justinegrantxo,
1130,993150911060041728,RizwaNK60020322,pakistan
1131,80228628,yanivinay,Delhi
1132,935100333763600385,rumali_roti,
1133,636560373,Swanky_King,"Fredonia, PA"
1134,593118448,ZakkIsBackk,The Village
1135,796092006309228546,collin_stein3,
1136,858362085620822017,Marie_Trocha,
1137,993078726337314816,LukeJiaxing,
1138,3112389409,i_ajinkya_J,
1139,978972740093870080,karna_bogati,
1140,7753772,AshuMittal,Noida
1141,772030171528454144,DFerati1,Kosovo
1142,720015850,msteinhoff98,chapel
1143,375378924,didiervandoren,hoeselt
1144,434627461,codairr,"Bedford, NH"
1145,996277387,c_curt16,Manila City
1146,3472719314,malexaroni,"Illinois, USA"
1147,982382448,leidscherynwyn,"Leidsche Rijn, Utrecht"
1148,717487113890054144,pugzy773,"Gribskov, Danmark"
1149,2414354186,inconspicuousoz,"sick, sad world"
1150,993150859482615809,SubodhChaulagai,
1151,734100139963383808,sha_sha43,
1152,43161671,offtheboardwalk,
1153,993147910039752704,0zQFEddNIK3zEqZ,ÿßŸÑÿ≥ŸàÿØÿßŸÜ
1154,3059058601,GaddisAlexander,
1155,713156233952243712,Nate_Wetta,
1156,3793514353,1212Siddhant,
1157,2922441523,Sekhmet5683,PNW 
1158,1727209272,GALEJAMESK11,
1159,17852360,aSaiko,"Oakland, CA"
1160,992209032722223104,Colton71175239,
1161,970384509593153536,CollinsSLee,
1162,932695878451826688,Original_Josef,"Uppsala, Sverige"
1163,17654571,Robert_Kirby,"Oxford, UK"
1164,939969544642334720,YugenWulf,"Apeldoorn, Nederland"
1165,993146130404990977,mstry_t,Uzbekistan
1166,1603812050,EvaStanglein,
1167,775702559315066880,afonsodosmemes,
1168,993150901220147201,L1zvjzsk1GKngLE,ÂÖ∞Â∑û
1169,577203669,Teschtastic,"Munising, MI"
1170,4858866765,Eddie2280,"San Antonio, TX "
1171,704474480358367233,cliddell15,
1172,987394320771747843,Katherine4TORI,
1173,993151228489191425,Nope54472464,
1174,992539787700703233,AdamGusel,"Buffalo, MN"
1175,347126352,nihannurr,ƒ∞stanbul
1176,4860835283,Jonbewley1,
1177,830980372624183297,foreignpaki,"Brampton, Ontario"
1178,1703286992,joeywiederholt,"Manhattan, KS"
1179,225231462,anntiepinkhair,Colorado
1180,24444746,sandyshlo,SF Bay Area
1181,1386107209,SavionDoucette,
1182,2416171346,LOLILOL63704924,
1183,2359111858,mariam_ameha,"Virginia, USA"
1184,745052311,chetan_mali5,
1185,993150372998008833,AlperOzkalayci,
1186,252090146,hugomatipa,"Texas, USA"
1187,721477295,s0cai,exeter ‚Ä¢ ccu
1188,981523885521858561,WILLLLLBILLLLL,
1189,156809895,BOBBITO666,Jamaica
1190,1396172246,TeeKaySosa,fouronetwo
1191,987896017612750848,pedrocoinmonkey,Peru
1192,33173947,firassleiman,"Manhattan, New York"
1193,1639520732,fantome661,
1194,4356395729,Gui_Oliato,
1195,98827786,Shahine_Bibi,
1196,993149833702617089,debraekaljoknk1,
1197,383957343,J_Wali,
1198,754049316,GasBaeza,
1199,851471038894542851,Chase03152836,"Eaton, CO"
1200,2655220057,BokiSLO,
1201,319175736,NouranHabib3,Egypt
1202,790580781244637184,PineappleDinoYt,In a block game 
1203,2763572636,mdtep1214,just outside of Peapack
1204,979878235109515264,opk0i7txea14k,
1205,706863180748869632,MrHenryTweet,
1206,908859164,Noah_Russell23,
1207,993149533520580608,MarcMadio,
1208,409568853,NASSERALDULAIMI,
1209,903111959968546816,thrassshit,
1210,215221273,desolationyard,North Yorkshire
1211,1844983272,RomainRcdRicard,"Rouen, France"
1212,221494586,JCopponi,
1213,76358679,theREALanthonyd,Planet Earth
1214,3127583554,jones971519,
1215,440245052,ConnorArrison,
1216,989228567274848258,Yoaquim2,
1217,3319397539,hairwaytokale,"Shreveport, LA"
1218,1571974171,allieccleton,"St Johns, MI"
1219,786375376280977408,the_stuckle,
1220,941062494344400896,jacksublette57,"Orlando, FL"
1221,1470067003,TargiJuan,
1222,810131686704971776,Litha_Mali,üáøüá¶
1223,42255063,andrewgobran,"Maple Grove, MN"
1224,881951382340870144,5280EAE,"Denver, CO"
1225,564113047,beccamichaud,"Portland, ME"
1226,161026012,V3NT3RS,"Jackson, MS"
1227,993150262788395008,waqarAh73704158,"Lahore, Pakistan"
1228,1851921991,killakitfox,
1229,993150218848821248,Ahmadaf75890690,
1230,43346610,nicklax,"London
"
1231,608816592,garrett_allen6,"Lee's Summit, MO"
1232,993147188195872768,9Topbull,Namibia
1233,993150365628620802,teona_managadze,
1234,993148501948329990,KhalafSirwan,"Athens, GA"
1235,981303340045922305,godofgarlicbred,
1236,911505489757794304,mekoup,Vi·ªát Nam
1237,586877555,Loktharr,
1238,1499314160,madeinzimbave,
1239,974015711180767232,RealEggSalad,
1240,2732846676,lawrencecodyv,huntingtonbeach 
1241,993150253237972992,mert_aktas_tr,Turkiye
1242,969949134135414784,Africa_Ltc,
1243,887967798818775040,EllaIeong2,
1244,45268722,LeoDeMonaco,
1245,954974012580532225,chan_fragile,Mars Probably
1246,131681150,davyjanssen,Belgium
1247,892835260651757568,marian_lazaga,
1248,320319195,Ride_in_Clouds,
1249,2156085318,mickyinco,Colorado
1250,993150725193699328,MadhuraSawant9,
1251,159557506,MovieMiser,
1252,1590924120,CoreEvolve,London
1253,2803805677,justinpoles11,Stephanie‚ù§Ô∏è
1254,993150516203933696,7n2Lc3VFXlfbQjv,
1255,920404544,yoccmj,
1256,967871012086927371,Edgar17911600,West essex
1257,849384091975811073,JohnnyJeeSumner,"Indiana, USA"
1258,388328363,Madannya,
1259,980562168,AlisultanovT,
1260,175512806,lapshalapshaaa,
1261,1968714090,_KPOT,Donetsk/Kyiv
1262,740594786248347648,katy_quirk,"Indiana, USA"
1263,2155165323,thebearofjare,727
1264,952478514560815104,nuwanda89,
1265,414812664,Chazz6699,
1266,3008192234,rodrigo91pdl,
1267,202366471,roccajonny,"London, England"
1268,421860882,rblue45,
1269,988783441805127680,Kahaf14,
1270,993150655480061953,DEsukapalli,
1271,143657088,pauis_,Tu coraz√≥n
1272,993149914984181760,LukeIsreal3,
1273,970857285525364741,lucassa61244472,
1274,993149006707490816,NngBoss1,
1275,1098334069,DeepakpPathak,
1276,725029444470095878,furbyboy32,
1277,2855004545,MoMouhssine,Morocco
1278,570587553,jnellewanz,
1279,349908276,curcubeu7,
1280,925702747068026880,iamnotyoureric,
1281,2326775440,AaronHD007,
1282,56237749,meldim,
1283,993147801046536192,rebaroxy,
1284,993150400743264256,Kjjb70190607,
1285,292961852,TutkuFb,Hogwarst
1286,894138156127313920,JS_0707,
1287,992791419323432960,FlAwKT9m0XS6P5c,
1288,914598103847772161,muhammedhafejee,
1289,993148650833539072,Rauf04360619,
1290,993150114909732864,Jessefi03276154,
1291,982103325406412800,Bonedogfishmas1,"Kamloops, British Columbia"
1292,3906152479,TGarvin4,
1293,993149427626979329,Antyszechteremi,
1294,993149750580039680,Widison13,
1295,1040197339,VintageJF,
1296,993149019676229632,valarie38a,
1297,993150339632193536,MercedesGraceD2,
1298,847267575826337797,maddie_smyhl,
1299,778009161703518208,NTROGN,"Chicago, IL"
1300,2194261731,Oli_Knightt,
1301,786384866770231296,AretePrecision,
1302,992681032653688833,JMathwews,
1303,876583802755309569,mathilde_roy1,"Montr√©al, Qu√©bec"
1304,102206331,judicebh,"S√£o Paulo, Brasil
"
1305,960790246232416256,VincentCriminal,"Norwich, England"
1306,895330677872361472,smhellmig00,
1307,993148490493591554,HassanOmaryYus5,
1308,985135531465076736,IAmMKrantz,
1309,990055159018475520,ImAPrinter2k18,
1310,896423531734417409,_jeezlouisee,
1311,2275190528,groslard32,
1312,993149656061358080,Sebasti29295437,
1313,912476343559966721,LapidusJustin,
1314,2415210660,Urijarcor,M√©xico
1315,3049427778,JebtasticJose,City of England
1316,862363057762304008,Militvnt,East London
1317,3709328715,natehoule1,
1318,902438062264918016,proteinpill,Poland
1319,846464895222734853,CommanderStrafe,"Hendersonville, TN"
1320,908376228,MichaelaAitken,
1321,34613622,rickborden13,"New York, NY"
1322,3139622144,hitaj_edvin,
1323,1499791152,TeddyTalking,
1324,373948605,XxBifi,
1325,2364486155,masmilian,"Montignoso, Toscana"
1326,702167801872703489,elianasmits,"Hoogstraten, Belgi√´"
1327,2391964376,Nan20815,
1328,2335781991,Silverwingxx,Germany
1329,876486598367612929,porotohtori1,
1330,2480979325,RileyBrosPaving,Colorado Springs
1331,30422242,Ben_smashN,
1332,993148968002510848,Watthone012,Myanmar
1333,2197638568,VincenzoCellini,volleyball players
1334,169187656,yunusemreben,cafeepark
1335,993148855486177280,Pablocorreajr3,
1336,933817372246290432,xheatherlyx,"Portage, USA"
1337,4301913258,_spence_r,
1338,993149630253805568,Leydisrivera5,
1339,33235967,RobynJColeman,Ireland
1340,747613924552384512,ThGr8CanadaBacn,SomeWhereInCanadaYouPerverts
1341,828360892450426881,Joannezayala,"Bakersfield, CA"
1342,958413655,garnerc97,Durand
1343,993128604081913856,FeiCheung1,Hong Kong
1344,391120020,Mr_Landers,Earth.
1345,854314088373129217,Ebrucubu,
1346,993150049046679552,SarahSegolene,
1347,859135962500259840,itslegitsarah,"Santo, Texas"
1348,2758956483,NYFlavaaa,Straight Outta Tilted Towers
1349,1336638541,ktenzin00,Sri Lanka
1350,29373666,williamsd28,"The Woodlands, TX"
1351,948416605,AustinBrook5,Indiana
1352,247551713,Turkresul03,Kadikoy/Yenikoy
1353,993147921666400256,GwennJtaylor8,
1354,992001925070471173,Duomi16,
1355,993145477343383555,kliu64,
1356,852292489553879041,noah_neel,United States
1357,4075209733,FueledThomas,
1358,950781079048409088,buceestx,
1359,993149616228126720,aZjG1HFofTJQEdl,Iraq
1360,2975615566,LanaDelRhe,nky
1361,993150168072708096,PRankania,
1362,2937629120,moisesrueda96,Deep East Texas
1363,993148299262783488,17OlnrCSz8g70xE,
1364,386947963,k_dirks,Vancouver
1365,990653161370210304,Seal_AR_91,
1366,244448429,francescocam,"Corato, Puglia"
1367,711583816620646402,Edulilsad,"Rio Grande do Sul, Brasil"
1368,973290663197503488,theprogresspod,"Chambersburg, PA"
1369,715622957603766272,ceycakir,"Tekirdaƒü, T√ºrkiye"
1370,94197535,samotg,"New York, NY"
1371,46609305,mick1bit,Newcastle
1372,980514672913866752,ONOsocial,
1373,63002906,kryssyskingdom,Wherever I Choose to Be
1374,983797662167126016,HariNathG5,
1375,1471938264,samghazal_,
1376,289944964,semke5,kigali
1377,993149354683912192,Lil_CashBG,
1378,1013500958,OmaEbrah,London
1379,993148709671235585,YaoJeanMichel1,
1380,1516492928,MathiasThijs1,
1381,993149591682977792,MalekZahra3,
1382,816387470250147844,kholllyc,"Cape Town, South Africa"
1383,993149749317521409,Ahfo90,
1384,796538659000434692,TheUndeadMeme,
1385,993149765348085761,NafiAllahIsa,"Hanoi, Vietnam"
1386,3438427558,connor_green15,
1387,2994336511,Tgraham6613,"Austin, TX"
1388,992656288235466754,OxideMetal,
1389,993149311381856257,gogz30,
1390,939900758375444480,NUGGET_BOI27,
1391,1048678044,BauerEthan,
1392,993149207857872896,sjtupeng,
1393,923978928892645376,theberkayugur,
1394,886693526330789888,solaybekillinem,
1395,2329468272,valeria_gomez15,"C√≥rdoba, Veracruz de Ignacio "
1396,927709578552315904,sanmiguel28_32,
1397,2898400680,rakesh4042,
1398,2428938848,kurlykhush, London 
1399,2579071440,pumalover65,
1400,2506817453,Mo28Haroon,
1401,398604911,razashoby,New Delhi
1402,993148999275302914,Halili05842564,
1403,984985210193367047,braannddi,
1404,927200946337271810,SirPatrickDike,"Saint Petersburg, Russia"
1405,1675830535,Rash_gonecrazy,
1406,324267645,katherinee_lee,
1407,53495051,c9t8ac2R7y,"Toronto GTA, Canada"
1408,2366461430,abbypoimboeuf,
1409,989220465871736833,DavidBa29206274,
1410,2991813064,cheytje14,Netherlands
1411,776857419661971456,100rabh25,"karanprayag, semi-gwar"
1412,863080040447320064,ayavuzel9,
1413,989683424666488833,roh_tog,
1414,2869055201,NilsHampel,
1415,781364166904848384,TheRevengeSong,
1416,1168023906,kfrolov36,"Oregon, USA"
1417,2860276339,pullfromeachend,
1418,2837303068,bennyGH7,
1419,951191260471193600,Rene1981611,
1420,2897793386,_dylanfurr,"Camden, TN"
1421,3298255296,CallumStirk,
1422,4357134553,jishnujithu96,Palakkad
1423,2419374703,AhmadZaidi24,CHI ‚û°Ô∏è PHX ‚å¨
1424,897944660668071936,Gx9Y9XC9id9RWNT,
1425,993148485183660032,aryan_rostami,
1426,972517968314761216,wor770,
1427,981242294815940609,RavennStarr13,"Ohio, USA"
1428,920710471136808960,mcthyl,where i end and you begin
1429,65970611,luxembro,"Columbus, OH"
1430,3431007797,DevynBoich,"Mountain Top, PA"
1431,993149329551581184,michalvarela8,
1432,172968287,PaperfaceKillah,Somewhere in College Park
1433,952340191888408577,LaurenDspagett,Tilted towers
1434,993146453961990149,GeorgeRgeorge5,Iraq
1435,993147930356875266,ncxbDZjjxcCWczm,
1436,2945965434,marinautumn,
1437,993148224834859009,prince_kambamba,
1438,367938973,Matt22Mckenna,stewartsville
1439,940275990768390145,SaradaPrasadRo3,
1440,359781468,osagrandee,Nigeria
1441,859322618540896256,OfficialTankard,Yorkshire and The Humber
1442,957945307215683584,SlayvRS,
1443,416027105,JordanFloyd97,Opportunist 
1444,2433698408,minhajblue1124,
1445,3044316095,oksanavickers,"great falls, va"
1446,993148276982648832,iPII3jvyq3WhDLv,
1447,993126130977665024,Afritha8,
1448,989824289275858944,Panilipronan,
1449,992080337982210049,gleon_1,Jiangsu
1450,794342627718086656,paul_whitaker_,"Mount Pleasant, SC"
1451,993147169241788418,dortheawhhmgik1,
1452,993148087559311360,hannan95739865,"Dacca, Bangladesh"
1453,938560853217038342,gabmakower,"Manhattan, NY"
1454,993146489386893318,selim31e,
1455,2918955029,JOwens422,"Staten Island, NY"
1456,980059604330663936,eilrahc1234,england
1457,467925283,jayzinzu,"Dallas, TX"
1458,987401484655525888,Tania95095272,
1459,1417912153,GanievD,"–û—Ä–µ–Ω–±—É—Ä–≥, –û—Ä–µ–Ω–±—É—Ä–≥—Å–∫–∞—è –æ–±–ª–∞—Å—Ç—å"
1460,192822255,spamfaker,Hungary
1461,993148727312375808,Beasky2,
1462,17045071,william_coates,"Lisbon, Portugal"
1463,100113795,Richobicho,Hoenn
1464,993137819936681985,BhoreUday,
1465,2517359788,bshebib98,Prospect ‚û°Ô∏è Wolfville
1466,366992752,Captain_Suits,
1467,468865262,_mohajji_,
1468,360162360,mutley48,
1469,991139217500762112,BladeGh05T,"Maryland, USA"
1470,985997589643378690,josh_garlock,
1471,24476994,JunaykahAngela,Nomad 
1472,1167524251,ErikHonore,"Sacramento, CA"
1473,993147821913202688,r0cenfXOHDYzAdP,Gabon Moila
1474,48585981,xWis,
1475,2756310021,6_michael_4,My Bed
1476,4924440603,TheRealVinyl,
1477,422834359,maxxlunov,"Dubai, United Arab Emirates"
1478,2990406285,GSkullar,"Sao Paulo, Brazil"
1479,3140289794,kkj079,
1480,34309565,Chapollini,
1481,943325902217281537,hauntedlettuce,
1482,2809802198,slim_swami,Potomac/Philly
1483,2645221840,emilyhowington,"Mansfield, TX"
1484,987378824219385856,CoolCatCrypto,"Cryptokookamunga, CA"
1485,2737888936,leahhnawyy,jersey 
1486,2765517023,marcelolopes236,
1487,985410299707539456,Rahulsh87172496,"‡§ö‡§Ç‡§¶‡•å‡§≤‡•Ä, ‡§≠‡§æ‡§∞‡§§"
1488,635615743,BerruBettu,"P√§rnu, Eesti"
1489,940419313294385152,The_DNR2009,"Puyallup, WA"
1490,858097074448941056,timmy_Fturner,"Arizona, USA"
1491,53246695,JAFO224,
1492,3176920402,hllctn89,"Edremit, T√ºrkiye"
1493,35613287,derrickmetzler,"New York, NY"
1494,976708652013969408,Bnkuffg1,Bronx
1495,975454090955177985,BullionBacked,
1496,984387255996502016,Le_Grand_Oracle,"Paris, France"
1497,993148460856758272,xxSolution_,
1498,256331928,RaktaGeno,Oklahoma
1499,993148877233516544,tyler_mahmood,
1500,1369682682,mattmcginley7,
1501,728904095277453313,rashadrohile,
1502,702667611,OwainLlew123,
1503,4878087219,Lucas70784639,
1504,768289341319712768,PapaExRay,"Worcester, MA"
1505,407823226,WayoftheGeeks,United States
1506,980274854996971521,abelson_v,
1507,477809031,Hayden_Porter42,
1508,163718402,germanjelen,Argentina
1509,770114377,mcafee_ethan,
1510,2993859122,456Sravanth,
1511,423257652,leventis01,adana 
1512,259250531,Assimf,Riyadh
1513,1914684932,toma_tomat,
1514,892623895605293056,Jessica36892885,
1515,987743886511628294,OddyMcBally,
1516,212440458,SMOKGB369,seattle washinton
1517,987624678171791361,CryptoRaakis,Suomi
1518,16813928,johnkraft,SF Bay Area
1519,964550320494862336,LalchandSwami10,
1520,993148860997558274,JeremyVR3,
1521,876937192991465472,KSaengraksa,
1522,944755957,ShlynnRider,
1523,3282700135,JakeArmitage3,‡≤†_‡≤†	 
1524,37990513,acidni,
1525,47541285,isabellaasofia,"Brooklyn, NY"
1526,993144814274101249,Pr4nzh,
1527,993148180714811392,MAGaffa27243098,"Dhaka, Bangladesh"
1528,2816492677,jesse8399918,
1529,893749711676608513,Skyline26115226,
1530,39523747,nadishap,New York
1531,2984816763,medosabek123,
1532,1597681057,tristenb97,
1533,993148493937209344,Itzeles21,
1534,993148047080255489,7KJl0gkzhHGpk3N,
1535,993141582382682113,AlanPons2,
1536,806942330259472384,usuario_07,
1537,392522296,KSJayabal,"Chennai, India"
1538,993148170640048128,zozo12374517,
1539,3128861791,mayaralkhatieb,"Doha, Qatar"
1540,2995309203,mateowolf59,"Crinitzberg, Deutschland"
1541,137317437,tonymasoney,‚úî Verified Account
1542,341248980,phattycakez4000,"Toronto, Ontario"
1543,716030027574480897,rickinillo,"Valencia, Comunidad Valenciana"
1544,993148008475840512,FlorRecio09,
1545,2309416310,TYPlCALMGC,
1546,783840479125266433,SBake4119,"Indianapolis, IN"
1547,93587401,uncombattant,india
1548,571981338,TimcCusker,"Boston, MA"
1549,3009935346,canand003,
1550,993148249803558912,ahmdSal43379232,
1551,1162660626,GowthamM81197,"Vijayawada, India"
1552,175313648,RavilKarimov,
1553,359982547,1papichulo72,
1554,1901620939,Logan_Laplante7,
1555,50492554,mcdeeee1,"newport beach, ca"
1556,30973381,TCLexusGS300,Washington DC US
1557,3754153938,alderson_justin,
1558,993148524698062849,Ekaaang06,
1559,499922784,OneAndOnlyPiLL,
1560,1480627020,synthparadox,"Pittsburgh, PA"
1561,799671539310305280,sankelton_39,"Winchester, England"
1562,991791141786808320,Abhinav36790716,
1563,1519616023,Maktorin,–ú–æ—Å–∫–≤–∞
1564,2351911524,loomis_logan,
1565,495746483,SiphoPsyfocate,South Africa Cape Town 
1566,2415337840,sizva5,
1567,260461733,njcoccia,
1568,904933314103873537,Arunprasad1998,"Coimbatore, India"
1569,1713186336,Pepinnio,
1570,993147605411680256,MuhammadOmerSi2,
1571,894028777541345280,daensohot,
1572,1679940061,alexakmetz,"Arlington, TX"
1573,297440139,Remedizzy_,
1574,267886909,youngkhill,"Grand Rapids, Michigan"
1575,88179613,saurav1481995,INDIA
1576,551991427,Vampire_1985,Texas
1577,993147902397747200,hollyghost14,France
1578,746473638405103617,annabelc188,"Illinois, USA"
1579,841712122031570944,megblk84,"Utah, USA"
1580,2878443892,NightHunterTaur,
1581,3409813593,ayyeddu,
1582,4189354281,mitialab,
1583,709980736,DominikTweet_,"Niedersachsen, Deutschland"
1584,734854316,kanetkarlive,India
1585,249637835,RohitHalge,England Is My City
1586,3278950038,Blake_is__god,"Washougal, WA"
1587,4788255014,SaiRajaish6,
1588,993147453548453888,TueroAriel,
1589,1034140117,GrewalJoe,
1590,4657256063,alvarocisco12,
1591,1002002366,jacobcovell_11,"Fulton, MO ‚úàÔ∏è Jville, IL"
1592,2898987681,catodico13,
1593,16520285,hanna__taylor,"New York, NY"
1594,435359971,gedspeed1,photo guy
1595,355618328,MeaghenS,
1596,1916949302,TinoChami,
1597,35259111,NckBrian,Made in Holland
1598,993148140306956288,freddyR72791217,"Santa F√©, Argentina"
1599,2651540485,rosstownsend95,
1600,37324229,akaMarlee,"Otogakure No Sato, 919"
1601,993146776889839616,ai60956091,
1602,971481031357419522,justin_lovro10,Westport
1603,993116438645825536,headphonetony,
1604,969014239791689730,gageb_,lost
1605,993147963294744576,SouadTouil6,
1606,993145350964867072,wathenhteri,
1607,978432836213489664,TylerTindall94,
1608,2854433161,austinhalter8,
1609,844942936953507840,yodavidle,"Colorado, USA"
1610,1547221039,adianaarroyo,
1611,3397839701,Victor_assump,
1612,223641456,DavidBrock3,
1613,993148083578925057,BadraTahan,Vietnam
1614,731566903500496896,JMAsesor_Mx,M√©xico | TX | NY | #TSha #MGWV
1615,846000817085779969,lucas_klopp,Greasy Grove
1616,4172571312,jlashton1,
1617,3406319535,sdmirvine,"Augusta, GA"
1618,2765807471,Samhavis123,england
1619,825685189825294336,StefanS88299375,
1620,993148129271861248,Mahmoud22924473,
1621,993148055066169344,rhoda96492157,
1622,3245717918,victorjh02,"Puerto Rico, USA"
1623,813201912,FPenduzzu,
1624,968860086415364097,aytbenbetova,
1625,992462218691260416,JollyTheRoger,
1626,838708652,fatlaurent59,"Maine, USA"
1627,2539130758,jonathan_deery,
1628,4356761774,ehump11,
1629,3656498656,bernanarr,"Antalya, Turkey"
1630,870011714527473665,ColinLMcDonnell,"Alpharetta, GA"
1631,2541785664,JaffaCakeJelly,
1632,993146504142643202,Mimi82046963,
1633,221198602,Julot007,
1634,909482377499389954,kaynamonette,"Berkeley, CA"
1635,397060751,JayPth,
1636,952126061705334785,AndreBabilab,"Strasbourg, France"
1637,390141830,AdrienEdwards,"Tampa, FL"
1638,959637993224105984,clevetopher,"Portland, ME"
1639,906555145,Favourgeorge1,"Umuahia, Nigeria"
1640,789528056331370496,matt_magee6,
1641,993146058233597953,mrqgsyecwphlqw2,Somalia
1642,2744567734,dmoallem,
1643,4238964492,chiclia17,"Manila City, National Capital "
1644,984158668177494016,lkyldrm14,
1645,2316310688,codyreachh,
1646,993147572775804930,XcBqd1BH4hUxWnV,
1647,879813501614772224,mamba_hujamba,"–£–∫—Ä–∞–∏–Ω–∞, –î–Ω–µ–ø—Ä"
1648,984868899404599296,RehsamT,
1649,327149000,graysonrgetz5,"Cincinnati, OH"
1650,993146614914183168,lameck_mwanza,
1651,3119835322,helena__shine,
1652,990159861001408514,Abhishe10868694,
1653,992867012807307264,BecerraNaidelyn,M√©xico
1654,616472734,ChrisRoell_,
1655,704951063691051008,Iamnikhils07,"Indore, India"
1656,821048736596037632,Clown_Prince101,"Lisboa, Portugal"
1657,2661744919,ronnagor,somewhere in between
1658,993146718681223177,EParavian,
1659,229280194,NicoleePi,
1660,993146297350696960,jagadeeshd111,
1661,1954289083,seahaynes,Iowa
1662,4083801748,EddieMonkman,
1663,627549402,bxnc__,Essex
1664,3898945096,marfffan,–ñ–µ—Ä–¥–µ–≤—Å–∫–∏–π —Ä–∞–π–æ–Ω
1665,4749990546,thugger2g,"Sydney, New South Wales"
1666,325773253,Nina_Violant,Stalking my Biases
1667,993145648374427648,MehedeeMim,"Mymensingh, Bangladesh"
1668,2162111873,yenerars,T√ºrkiye
1669,1686918752,Tybarnski,"Miami, FL"
1670,955180104,Tatum_Strangely,"Studio City, Los Angeles"
1671,993146253516124165,RuthNiava,C√¥te d'Ivoire
1672,726448199913865216,j_chris__,
1673,993147643084922880,the_Milkman19,"Salt Lake City, UT"
1674,383212776,Liana_1011,rochester. but which one?
1675,952978919069769731,TomHartt136,
1676,993147884546805760,BobBobs53789308,
1677,405933225,HammerJersey,
1678,992747319345868800,JerryGa32658054,
1679,30391585,Hebuzz,Harsh Realm
1680,98519668,brunomtei,Rio de Janeiro
1681,250996552,lightskinjudas,
1682,978046715382124544,susopinhon1,
1683,27052929,Lazyke,
1684,717241586162118656,Clarindabadbaby,"Junction City, OR"
1685,839526551976886275,Kwatzz_,"Colombes, France"
1686,25574090,ReteFriscool,"Amsterdam, San Francisco, Montcombroux-les-mines"
1687,634546146,Eceevar,"ƒ∞stanbul, T√ºrkiye"
1688,993147005525348353,YUUUUUGU,
1689,824834184690667520,ozguruyguns,"ƒ∞stanbul, T√ºrkiye"
1690,2591057172,owenwvironet,
1691,1049107704,jezzzok,"Scottsdale, AZ"
1692,49662320,kent_yeung,
1693,826488974894051328,GHKPathan,
1694,80707045,MissVV_,Chicago/Underworld/Tardis
1695,93510254,LorieDriscoll,"Cincinnati, OH"
1696,857155505965461504,Heidelbeerenmus,
1697,2205724982,OscariZelaya,
1698,591975191,heideeeeee,
1699,740305660219404289,LifeOfCxlianL,"Gatineau, Qu√©bec"
1700,1103966706,snorleo,home for infinite losers
1701,991759086235586560,hchma_,
1702,980444739576066053,midi82969379,"Sidoarjo, Indonesia"
1703,224900696,SerdarAydinn,Mersin
1704,286074326,GregoireFavet,Paris
1705,211450067,felbit80,
1706,885272780685443072,yula_neb,
1707,3104581454,pavanpk1998,"Hubli,karnataka"
1708,929681088502517760,ameliefleur_,"Falmouth, England"
1709,44034665,Ju_doza,"Los Angeles, CA"
1710,993146751874891776,AbbasAlivee,"Gilgit-Baltistan, Pakistan"
1711,782230914,GabouilleAssmn,"Lille, France"
1712,864322649228402688,Arobpehl33,
1713,993146817113214977,Tabijutt7,
1714,518632759,JoeJoet876,"Texas, USA"
1715,1161389047,salazarr007,
1716,993146828064468994,Charles90224975,
1717,900598820,jasmezzer,"Edina, MN"
1718,2234595313,brett_roemen,"Sioux Falls, SD"
1719,975964983203786752,mark52313846,
1720,993145052347162624,NOtranshumans,United States
1721,993147430349631488,76OeBOm4UgxqZ03,
1722,942771902287941632,ConfessorOfAtom,
1723,943540935929065472,Magyaritv,"Brighton, MI"
1724,914357303326806016,XEVe9UK42SmMKxk,first love
1725,1252945656,blakewyse1,
1726,990731189177774081,Abc94403270,
1727,634472466,sattarov_timur,
1728,2790232948,yeahbaili,üåπüåπüåπ
1729,993145472280879104,MOUSSAN080895,
1730,993146056429981696,ecunningham562,
1731,2529354595,anasostanley,
1732,2756030891,brian_2003_,#TeamTypeaids
1733,2401703497,MoXuanZ,
1734,993145579667509248,margieedaeuxzp1,
1735,1128143718,Sokun_Khmer,Cambodia
1736,825726603414093825,JuvoTopRamen,"Pennsylvania, USA"
1737,385220727,Cougarlong,
1738,759163164269375489,Nhanhas_,
1739,826819246642626561,basitq777,
1740,79530434,PhilipMeyler,"Dublin, Ireland"
1741,973050598789668865,ThibautDurand01,
1742,728616431550607360,AymenBerraf,France
1743,558546580,baligatarun,
1744,233144080,dariabirdy,
1745,993147126128488448,8L8Va1ynJy2T7k7,
1746,741644021056065536,ProblematicalCH,"Ohio, USA"
1747,993146415646986242,ChavzKarekyn,
1748,499307863,SamWorley11,937
1749,801090434311163904,lynnharrisonart,"Spokane, WA"
1750,972151234093289473,IVOItMCl1mTO75E,Gaza 
1751,811344242295574529,Catriona_trash,ur mom
1752,979306084153380864,AbdulSu03574441,"Hyderabad, India"
1753,929814601373327360,Marrodra,"Delano, CA"
1754,2782552218,Harmon_Miller3,"Lone Tree, IA"
1755,947863981070397440,wakandaflex69,"Neuqu√©n, Argentina"
1756,880480869873537024,wutupitspayton,"Sutton, Ontario"
1757,519667990,ImightBeZeN,The Bright side of Moon
1758,18324332,tiffanyisaninja,
1759,968903274030972928,Jojo93597902,
1760,185137025,rkfg_me,–†–æ—Å—Å–∏—è
1761,2822236628,FlorianB35,
1762,4859466316,JackJackaco,
1763,2760168511,Thomas_WWolfe,Antarctica 
1764,803476316,BeautifullyLor,"Chicago, IL"
1765,834921461634641921,Zikrinaaulia,
1766,960986459087007745,teb10131,
1767,3105134511,RutsisTW,Latvia
1768,993145902603759616,xgclarita13,
1769,746212595519021056,surnachi,funy joke about living in hell
1770,32232864,smn1976,Earth
1771,780105864300691456,yoguuhrt,Wo Sie ist üòç
1772,993146467140456448,Muwonge61902570,Jinks city
1773,865021718,jpmoneida,
1774,844335871,chad_kozar,
1775,2572717473,orissychan,
1776,93306390,Vantas_,
1777,2336026494,LukeNitz,
1778,2429131098,__mccarthy_1221,"Fontana, CA"
1779,993146748213383169,pezhmanaf,
1780,745125213851914240,InnerErgosphere,"California, USA"
1781,402581355,USocialmedias,
1782,22529277,SDCRugger,
1783,992658220257824768,DionSorrentino,"Boston, MA"
1784,901775427340926976,TarunKr17810220,India
1785,931506363158745088,Jesse_cnt,United States
1786,596731758,JfWarSheep,"Manado, Indonesia"
1787,740638394829545472,gmmkal10,
1788,252992756,DJstrigott,Prague
1789,2279810257,Blank_2310,
1790,993138336729616384,KarimNajjari,
1791,993146829972819969,KassisNoorah,Vietnam
1792,993145294068961282,ashleaapnqjqhy1,"Nam ƒê·ªãnh, Vi·ªát Nam"
1793,993143810526924800,champagne1891,
1794,993146080144617477,leslawGruza1,
1795,3151669952,omiraxa,
1796,989268726779346946,LaraMoA,
1797,991377409235615746,BoXqc2H7yFneCVA,
1798,989953575471153152,Shug7484,
1799,843139077008367616,Janethrebek,
1800,19447771,TammiRealtor,"Bossier City, Louisiana"
1801,45065792,Jonfai,Entre el miedo y la risa
1802,993146515009961985,Grownkid1,
1803,2973480010,lArDiEbOy,
1804,322424973,irmaaadizzz,iowa
1805,2964993849,busetrkci,
1806,919994607202598912,VanillaGambino,South Africa
1807,1543231927,KMeyer07,Indiana
1808,984868935668518914,gucscidurag,
1809,971885861213061121,JeffKlaassen,"Beaumont, Alberta"
1810,634032201,AnthonyGazzillo,Swiss Alps
1811,991294793924964353,SzalaiBence12,
1812,898091426361339904,JoSchlaeger,
1813,108621331,justjuman,
1814,3456010993,LilSinnner,"Washington, USA"
1815,178157295,drummergreg,
1816,4627793799,coldhand_s,
1817,2892059348,ben_anderson502,"Sydney, New South Wales"
1818,993146801946439681,JaydenLivings,"Sydney, New South Wales"
1819,3193685857,christian40002,
1820,941517213525258241,sergediaz1425,
1821,973648694590484481,Bartek07350543,
1822,993143917800456195,mallamrazak100,
1823,885965490744635393,jona_wiechowski,"Nordrhein-Westfalen, Deutschland"
1824,3124556384,Chamix82,
1825,365278762,ThatOneChick997,"Nashville, TN"
1826,993144576272715776,sabz_sare,
1827,993145709728694272,LkkgLeo,
1828,959212432664166401,OlivierRioux4,"Blainville, Qu√©bec"
1829,977946245149986816,ironshield239,
1830,855380439778836481,balanlau,
1831,251613177,dlool_19,Kuwait 
1832,993146633759027202,rZA9YJkAlGnuVFE,
1833,993036815727759360,MuhSohail2,"Dubai, United Arab Emirates"
1834,2510450227,ececavus94,
1835,993144492193705985,anhjzjgreene,
1836,563358166,dany_arizpe,
1837,44933986,denboyle,"Nenagh, Co. Tipperary, Ireland"
1838,713021286797164544,No3Glib,
1839,993146519124611073,QAISARM56188894,
1840,181722239,Young_Izzy_Baby,"Florida, USA"
1841,2584108721,toisov315,
1842,287359382,jhohmannwood,"Kemptville, ON, Canada"
1843,1973573077,mattmuller1,This Must Be The Place 
1844,146879778,michaeltan80,Singapore
1845,993145645887246337,13WoW14,
1846,2263854648,the_samcox,
1847,95279876,Gatman23,
1848,246280845,mmansillaOk,"C√≥rdoba, Argentina"
1849,932745121845665792,hectormcambron,
1850,23577836,sindhu,Bengaluru
1851,4757509227,Rodrigo_WVS,"Distrito Federal, Brasil"
1852,2595944003,bbolling06,
1853,993145381201612800,th0ughts_etc,
1854,879851513593704448,Arshdeep9322,"India,harayana"
1855,977563443891879936,heyronIance,home
1856,992950099109036033,Junko_Jiji,
1857,3107851130,stuartgpeterson,
1858,993142798269517825,Rolando08741502,
1859,960710087894433792,JIMMY21728052,
1860,396856613,manyblessingsIC,"Tampa,  FL "
1861,753639194581401600,girlonthemfmoon,
1862,2717966418,JesperWaren,Stockholm
1863,503534383,lukewakeman97,"Bath, England"
1864,993145568871370752,ESanpath,Sri Lanka
1865,987506545759055872,spacecadet303,
1866,776137523768750080,KiiNG_BRANDON,"Jacksonville, FL"
1867,623933161,Thomasbooker71,
1868,54048706,timbumgard,"Texas, USA"
1869,3242823240,_T_U_N_G_S_,hell
1870,731434168496885760,j62pnTQkPhByfFy,ÿ≥ŸÑÿ∑ŸÜÿ© ÿπŸÖÿßŸÜ
1871,2928977406,MilanPratikshya,"Maharashtra, India"
1872,993146087249657856,kort_cowe,
1873,842428551110488066,diegormzglz18,
1874,281377354,jaxhalps,‚ù§Ô∏èNYC / Miami
1875,716522767177351168,C_P_IV,
1876,201695962,whisk222,
1877,901467760605245441,Malaysian_One,"Malacca, Malaysia"
1878,3300658090,Qrkowa,
1879,880751074969346051,BPayneDC,"Washington, DC"
1880,2630384504,MissGroyper,New Zealand
1881,736836642787479553,DantixDan,
1882,448541894,theboyinvelvet,
1883,41062486,Frankthetank856,"Charleston, SC"
1884,993145642770935808,Hashemimjk,
1885,807292870570999808,yakuzaa676,cerabati/enfer ‚ò†
1886,522424130,_ant_palumbo_,"Bumblefuck,USA"
1887,505099691,CommanderKrista,Metro Vancouver
1888,877982759276466176,Micronaut2,
1889,52865401,mareeih,
1890,993146006802853889,fitgreat1,Shanghai
1891,977591338966441984,alltimehighly,
1892,993144406738919425,rhxaqinh1478,
1893,872818180728729601,TobiKurashiki,Rhizome 9
1894,1947104989,Taylor__Brickey,"Florida, USA"
1895,958483036127006720,Saf1_K,"Illinois, USA"
1896,97109536,blknnnnn,istanbul
1897,2435219749,hassanchaouki2,Royaume du Maroc
1898,289568038,Shubbabang,"Florida, USA"
1899,2953878744,Zseba007,
1900,120389628,RobbieRagless,South Africa
1901,752556074172084224,humberto_guima,
1902,184947171,_dakotalore,
1903,1440758192,ethanbrown841,"Gold Coast, Queensland"
1904,836929333881159681,mortaszeynep,ODT√ú
1905,3228224010,PanditSudhir001,
1906,156316136,brandonsoder,Oregon 
1907,420469617,Hazzater,"York, England"
1908,993145647963439104,boof98224746,
1909,971904999356796930,idontev87700676,
1910,993145738224898048,BilawalBugti3,
1911,929306060451663872,joxPerkins,United States
1912,993144772889055232,binani_nikunj,
1913,802901294688206848,kawade_samarth,
1914,2254637316,altaher_83,ÿßŸÑÿÆÿ±ÿ∑ŸàŸÖ 
1915,993144809379409920,AungNai18777941,
1916,2364559158,shoppythegreat,317 ‚û°Ô∏è 916
1917,2283639666,MajaKochovska1,
1918,871055997787267072,PangPang2018,
1919,2278165560,Hienita_,
1920,1893489709,KeyurLadhawala7,
1921,813073034596773888,wmyers252,United States
1922,910249454053265408,Suhaibaldada,
1923,99220570,mhmgad,"Saarbr√ºcken, Germany"
1924,906270114990915585,tmskch,
1925,766062593761050624,beaverfootball3,"Oregon, USA"
1926,266800947,svm_ylmz,"G√∂ztepe, ƒ∞zmir"
1927,990278890181550081,Lihi37214731,
1928,703632672111902720,mc_6112k,home 
1929,4671090522,SamuelFapson,Nigeria
1930,887027064318160896,SaulNaoSal,"Sumar√©, Brasil"
1931,993145842902151168,taitaiahmed1,
1932,993145084408418304,0AnEjPpwr2LjcPD,
1933,993145509949865989,DantePinoW,
1934,749614055669764097,TsThalles_,
1935,709988488150708224,yllwluv,tx
1936,1949955175,jdlambart,
1937,1715128962,jaimz_lee,È¶ôÊ∏Ø
1938,874014802682798081,Le_bres,Brazil
1939,2474112526,1yn0htnA,Jersey
1940,473989101,dougccxit,
1941,993145303824982016,CeoiCharlene,
1942,4835035107,BobPurue,
1943,185315124,zdecker99,
1944,766067265041293313,xUndauntedHEROx,
1945,993144877838778370,tran_bol,
1946,378380990,KyleSnively,Ontario
1947,935371413392732160,Adarsh_Sz,"Chennai, India"
1948,2956568094,jarrodbradfeild,
1949,705627747230420992,kakatidhritiman,"Guwahati, India"
1950,2282553553,jordanseddon2,
1951,437784781,Gork_Fork,"Kirtland, OH        Kent, OH"
1952,993144325138731009,prmczqotm2195f1,
1953,990039508329553922,stonefur2,"Calgary, Alberta"
1954,365491400,Carl_Crowther,Doncaster
1955,1329817489,RossKotten,
1956,993008095478599680,zoorgir,
1957,979503754641854465,Jose21497837,Up Your Ass And To The Left
1958,2410307615,Darkwolf206,
1959,1072160858,connorkapisak,"South Windsor, CT"
1960,761601128551165953,LiecGabriel,
1961,973235025910140929,Ofentse86339077,paradise. 
1962,551425184,connorobrien03,
1963,992654195294646272,Wels23177174,
1964,951250203159523330,woahmayawyd,"Lansing, MI"
1965,993116808512266240,HusseinZedan6,ÿ®ÿ∫ÿØÿßÿØ
1966,993144720506413056,Syedmahmoodhu17,
1967,993145179082113024,ShellyEleazar,San Isidro Nueva Ecija
1968,1602531924,ABHUIYAN74,Toronto
1969,990436151994568704,carriemaememes,"Washington, DC"
1970,3286925569,jfinegan43,"Indiana, PA"
1971,308000933,sduitter,Kazakhstan
1972,755681005,SILVERLlNlNG,gbc forever
1973,993143438580371456,eddings1844,
1974,612080901,zoha_97,
1975,942898897629917184,Vuynjou,
1976,756613888032907264,CracKerSsz,United States
1977,993144758787805184,ummwhatchasayy,
1978,906373005445537792,ArthurFOM98,
1979,3360509474,nimehedi,
1980,3232953579,ake_1905,"Elazƒ±ƒü, T√ºrkiye"
1981,4249400031,emraydn_34,
1982,374562535,thisjordanjking,
1983,992047407415332868,HkanBorg2,
1984,992916071446282240,CarlMacFarlane,New Zealand
1985,353564930,sizzykins,"Southampton, England"
1986,4826382636,stdarling58,
1987,3373081905,mahmoud246710,
1988,993145314898010112,BrunoMe07193489,
1989,3813679107,Melhovey123,"Barclay Downs, Charlotte"
1990,4167610275,AndSheChose,
1991,15904946,rocpatel,
1992,993145438193713152,Andrei53240632,
1993,993145437350776833,TufanGngr5,
1994,908913836320735234,22inchhorsecock,
1995,990527711499161600,thaspicypotatoe,
1996,338527424,GriffinReilly17,"Durham, NC"
1997,964920812984782848,elm_712,
1998,1278833400,SethRockwell,"Mystic, CT"
1999,1546400701,ira_andreanna,
